cmn+wuu,cmn+wen,cmn+yue,wuu+wen,wuu+yue,wen+yue
0.37,0.35,0.08955223880597014,0.18,0.05,0.05
0.3880597014925373,0.29850746268656714,0.07079646017699115,0.11940298507462686,0.1044776119402985,0.08849557522123894
0.3008849557522124,0.22123893805309736,0.09090909090909091,0.2743362831858407,0.04424778761061947,0.07792207792207792
0.2597402597402597,0.2857142857142857,0.13131313131313133,0.2077922077922078,0.07792207792207792,0.13131313131313133
0.2222222222222222,0.29292929292929293,0.07228915662650602,0.15151515151515152,0.0707070707070707,0.1095890410958904
0.26506024096385544,0.2891566265060241,0.04395604395604396,0.3132530120481928,0.060240963855421686,0.07216494845360824
0.3698630136986301,0.2602739726027397,0.10989010989010989,0.2602739726027397,0.07692307692307693,0.06818181818181818
0.37362637362637363,0.16483516483516483,0.08247422680412371,0.34065934065934067,0.07216494845360824,0.07216494845360824
0.37362637362637363,0.23076923076923078,0.0707070707070707,0.2857142857142857,0.1111111111111111,0.047058823529411764
0.29896907216494845,0.26804123711340205,0.14772727272727273,0.20618556701030927,0.07954545454545454,0.058823529411764705
0.3434343434343434,0.1717171717171717,0.09278350515463918,0.30303030303030304,0.058823529411764705,0.07368421052631578
0.3522727272727273,0.18181818181818182,0.047058823529411764,0.17045454545454544,0.047058823529411764,0.03773584905660377
0.3917525773195876,0.1958762886597938,0.047058823529411764,0.24742268041237114,0.06315789473684211,0.02531645569620253
0.3764705882352941,0.23529411764705882,0.07368421052631578,0.23529411764705882,0.0660377358490566,0.0625
0.3058823529411765,0.27058823529411763,0.14150943396226415,0.27058823529411763,0.02631578947368421,0.05128205128205128
0.3473684210526316,0.3157894736842105,0.10126582278481013,0.12631578947368421,0.03125,0.05434782608695652
0.2641509433962264,0.22641509433962265,0.05263157894736842,0.2641509433962264,0.10256410256410256,0.07692307692307693
0.26582278481012656,0.4177215189873418,0.140625,0.189873417721519,0.05434782608695652,0.060240963855421686
0.3157894736842105,0.4342105263157895,0.11538461538461539,0.17105263157894737,0.050505050505050504,0.05555555555555555
0.234375,0.28125,0.08695652173913043,0.25,0.0963855421686747,0.043010752688172046
0.358974358974359,0.21794871794871795,0.10101010101010101,0.15384615384615385,0.05063291139240506,0.04807692307692308
0.31521739130434784,0.2391304347826087,0.23943661971830985,0.25,0.039603960396039604,0.08045977011494253
0.3942307692307692,0.25,0.04819277108433735,0.27884615384615385,0.06896551724137931,0.05952380952380952
0.35353535353535354,0.26262626262626265,0.0891089108910891,0.23232323232323232,0.08602150537634409,0.041237113402061855
0.29577464788732394,0.2676056338028169,0.08974358974358974,0.19718309859154928,0.041237113402061855,0.058823529411764705
0.40963855421686746,0.2289156626506024,0.0967741935483871,0.1566265060240964,0.0958904109589041,0.060240963855421686
0.4430379746835443,0.25316455696202533,0.0673076923076923,0.25316455696202533,0.023529411764705882,0.02631578947368421
0.27722772277227725,0.33663366336633666,0.09195402298850575,0.25742574257425743,0.08695652173913043,0.05194805194805195
0.46153846153846156,0.2692307692307692,0.12903225806451613,0.1794871794871795,0.04819277108433735,0.05128205128205128
0.4027777777777778,0.3611111111111111,0.17857142857142858,0.18055555555555555,0.021739130434782608,0.11666666666666667
0.3225806451612903,0.3225806451612903,0.09278350515463918,0.21505376344086022,0.12987012987012986,0.06666666666666667
0.23529411764705882,0.4,0.0684931506849315,0.36470588235294116,0.05970149253731343,0.07216494845360824
0.33653846153846156,0.3173076923076923,0.15294117647058825,0.23076923076923078,0.09523809523809523,0.038834951456310676
0.3448275862068966,0.27586206896551724,0.10869565217391304,0.13793103448275862,0.06666666666666667,0.05813953488372093
0.40860215053763443,0.21505376344086022,0.10843373493975904,0.16129032258064516,0.08888888888888889,0.043478260869565216
0.25,0.32142857142857145,0.10526315789473684,0.19047619047619047,0.0821917808219178,0.04938271604938271
0.30927835051546393,0.26804123711340205,0.09782608695652174,0.24742268041237114,0.13402061855670103,0.08433734939759036
0.3287671232876712,0.3287671232876712,0.09090909090909091,0.1780821917808219,0.04854368932038835,0.045454545454545456
0.27058823529411763,0.25882352941176473,0.11904761904761904,0.23529411764705882,0.05813953488372093,0.042105263157894736
0.3804347826086957,0.16304347826086957,0.0641025641025641,0.2608695652173913,0.0625,0.07216494845360824
0.3132530120481928,0.2891566265060241,0.08045977011494253,0.18072289156626506,0.06578947368421052,0.0625
0.3157894736842105,0.27631578947368424,0.06666666666666667,0.27631578947368424,0.045454545454545456,0.05
0.33695652173913043,0.2608695652173913,0.2222222222222222,0.2826086956521739,0.09473684210526316,0.038834951456310676
0.2857142857142857,0.2857142857142857,0.07216494845360824,0.15584415584415584,0.1125,0.044444444444444446
0.208955223880597,0.417910447761194,0.05825242718446602,0.31343283582089554,0.06097560975609756,0.058823529411764705
0.34523809523809523,0.23809523809523808,0.1511627906976744,0.20238095238095238,0.0625,0.020202020202020204
0.3076923076923077,0.3717948717948718,0.075,0.20512820512820512,0.04854368932038835,0.06097560975609756
0.41379310344827586,0.3218390804597701,0.08695652173913043,0.1839080459770115,0.044444444444444446,0.04395604395604396
0.4166666666666667,0.18333333333333332,0.10843373493975904,0.15,0.09523809523809523,0.041237113402061855
0.28888888888888886,0.2111111111111111,0.06578947368421052,0.12222222222222222,0.05063291139240506,0.04081632653061224
0.3698630136986301,0.2876712328767123,0.11363636363636363,0.2602739726027397,0.10784313725490197,0.05434782608695652
0.2268041237113402,0.31958762886597936,0.07368421052631578,0.17525773195876287,0.04878048780487805,0.09090909090909091
0.33980582524271846,0.3300970873786408,0.09183673469387756,0.18446601941747573,0.041237113402061855,0.023809523809523808
0.313953488372093,0.16279069767441862,0.08247422680412371,0.2558139534883721,0.10638297872340426,0.0851063829787234
0.2875,0.3625,0.0875,0.2125,0.07142857142857142,0.05154639175257732
0.21739130434782608,0.40217391304347827,0.04878048780487805,0.25,0.05434782608695652,0.04716981132075472
0.41975308641975306,0.2345679012345679,0.038834951456310676,0.2962962962962963,0.1038961038961039,0.05555555555555555
0.3614457831325301,0.25301204819277107,0.12857142857142856,0.1927710843373494,0.04395604395604396,0.05263157894736842
0.35526315789473684,0.23684210526315788,0.10714285714285714,0.27631578947368424,0.0547945205479452,0.1232876712328767
0.2840909090909091,0.26136363636363635,0.08860759493670886,0.25,0.05952380952380952,0.0625
0.29473684210526313,0.30526315789473685,0.13725490196078433,0.18947368421052632,0.05319148936170213,0.06557377049180328
0.4473684210526316,0.2631578947368421,0.0875,0.2894736842105263,0.061855670103092786,0.11428571428571428
0.3469387755102041,0.35714285714285715,0.08536585365853659,0.20408163265306123,0.07547169811320754,0.054945054945054944
0.3711340206185567,0.1958762886597938,0.13186813186813187,0.27835051546391754,0.05555555555555555,0.038834951456310676
0.3375,0.1375,0.09278350515463918,0.2625,0.060240963855421686,0.027777777777777776
0.4268292682926829,0.3048780487804878,0.11392405063291139,0.15853658536585366,0.047619047619047616,0.09090909090909091
0.4625,0.225,0.10204081632653061,0.2,0.0684931506849315,0.05952380952380952
0.3300970873786408,0.36893203883495146,0.0851063829787234,0.17475728155339806,0.056179775280898875,0.10638297872340426
0.4111111111111111,0.3333333333333333,0.07792207792207792,0.16666666666666666,0.019417475728155338,0.13513513513513514
0.42857142857142855,0.24285714285714285,0.13186813186813187,0.2,0.08333333333333333,0.04807692307692308
0.2857142857142857,0.20238095238095238,0.17857142857142858,0.30952380952380953,0.12048192771084337,0.022988505747126436
0.4177215189873418,0.379746835443038,0.12345679012345678,0.06329113924050633,0.07954545454545454,0.08433734939759036
0.29411764705882354,0.14705882352941177,0.14893617021276595,0.2549019607843137,0.07142857142857142,0.04938271604938271
0.475,0.2875,0.06896551724137931,0.15,0.019230769230769232,0.09
0.3838383838383838,0.3434343434343434,0.10112359550561797,0.25252525252525254,0.10294117647058823,0.05154639175257732
0.43902439024390244,0.25609756097560976,0.12371134020618557,0.10975609756097561,0.04597701149425287,0.02197802197802198
0.3626373626373626,0.27472527472527475,0.0625,0.18681318681318682,0.024096385542168676,0.08421052631578947
0.26804123711340205,0.35051546391752575,0.11320754716981132,0.20618556701030927,0.07692307692307693,0.08695652173913043
0.3670886075949367,0.31645569620253167,0.19444444444444445,0.20253164556962025,0.05,0.04395604395604396
0.3404255319148936,0.35106382978723405,0.07228915662650602,0.20212765957446807,0.08247422680412371,0.05063291139240506
0.2755102040816326,0.2755102040816326,0.11842105263157894,0.23469387755102042,0.08421052631578947,0.09433962264150944
0.2923076923076923,0.49230769230769234,0.1625,0.2153846153846154,0.04597701149425287,0.08860759493670886
0.35106382978723405,0.2978723404255319,0.11904761904761904,0.26595744680851063,0.053763440860215055,0.09615384615384616
0.29347826086956524,0.358695652173913,0.0684931506849315,0.2391304347826087,0.020202020202020204,0.06976744186046512
0.44155844155844154,0.14285714285714285,0.140625,0.14285714285714285,0.021739130434782608,0.07777777777777778
0.27472527472527475,0.26373626373626374,0.10655737704918032,0.2857142857142857,0.05405405405405406,0.13157894736842105
0.2054794520547945,0.4794520547945205,0.058823529411764705,0.2602739726027397,0.04395604395604396,0.061855670103092786
0.25,0.34523809523809523,0.10989010989010989,0.14285714285714285,0.024390243902439025,0.08695652173913043
0.30864197530864196,0.4074074074074074,0.15714285714285714,0.16049382716049382,0.0660377358490566,0.039603960396039604
0.2978723404255319,0.2765957446808511,0.07692307692307693,0.13829787234042554,0.08860759493670886,0.057971014492753624
0.3218390804597701,0.3103448275862069,0.07865168539325842,0.2988505747126437,0.044444444444444446,0.05747126436781609
0.4606741573033708,0.2247191011235955,0.13592233009708737,0.21348314606741572,0.0673076923076923,0.052083333333333336
0.30927835051546393,0.17525773195876287,0.125,0.27835051546391754,0.07058823529411765,0.07526881720430108
0.484375,0.203125,0.10843373493975904,0.25,0.046511627906976744,0.043010752688172046
0.2358490566037736,0.3584905660377358,0.10975609756097561,0.16981132075471697,0.08888888888888889,0.054945054945054944
0.2638888888888889,0.3333333333333333,0.13636363636363635,0.09722222222222222,0.06578947368421052,0.06422018348623854
0.3132530120481928,0.3493975903614458,0.11904761904761904,0.20481927710843373,0.08,0.12844036697247707
0.25,0.42105263157894735,0.11702127659574468,0.15789473684210525,0.08247422680412371,0.05434782608695652
0.3,0.2125,0.14423076923076922,0.325,0.0875,0.0963855421686747
0.38095238095238093,0.23809523809523808,0.058823529411764705,0.21428571428571427,0.07865168539325842,0.10416666666666667
0.1643835616438356,0.3698630136986301,0.21839080459770116,0.2054794520547945,0.041666666666666664,0.09782608695652174
0.375,0.234375,0.08433734939759036,0.1875,0.047058823529411764,0.1076923076923077
0.3114754098360656,0.22950819672131148,0.10989010989010989,0.28688524590163933,0.06930693069306931,0.08333333333333333
0.5411764705882353,0.24705882352941178,0.09,0.15294117647058825,0.057971014492753624,0.016666666666666666
0.3516483516483517,0.3626373626373626,0.09278350515463918,0.17582417582417584,0.08045977011494253,0.08235294117647059
0.2571428571428571,0.22857142857142856,0.14864864864864866,0.24285714285714285,0.05154639175257732,0.07407407407407407
0.43956043956043955,0.1978021978021978,0.08791208791208792,0.23076923076923078,0.07291666666666667,0.07777777777777778
0.449438202247191,0.2247191011235955,0.08421052631578947,0.19101123595505617,0.054945054945054944,0.10126582278481013
0.3300970873786408,0.27184466019417475,0.1724137931034483,0.20388349514563106,0.04938271604938271,0.07865168539325842
0.4305555555555556,0.25,0.07526881720430108,0.08333333333333333,0.05504587155963303,0.11956521739130435
0.26506024096385544,0.27710843373493976,0.09375,0.2289156626506024,0.09174311926605505,0.07058823529411765
0.4268292682926829,0.2682926829268293,0.07317073170731707,0.1951219512195122,0.04938271604938271,0.028985507246376812
0.22727272727272727,0.26136363636363635,0.08080808080808081,0.20454545454545456,0.053763440860215055,0.08139534883720931
0.3333333333333333,0.20238095238095238,0.11956521739130435,0.21428571428571427,0.05434782608695652,0.08333333333333333
0.1595744680851064,0.32978723404255317,0.07407407407407407,0.2872340425531915,0.08235294117647059,0.0641025641025641
0.5,0.22972972972972974,0.13186813186813187,0.13513513513513514,0.04819277108433735,0.02040816326530612
0.33653846153846156,0.21153846153846154,0.07317073170731707,0.2403846153846154,0.021739130434782608,0.05426356589147287
0.38235294117647056,0.3382352941176471,0.10989010989010989,0.11764705882352941,0.08108108108108109,0.056179775280898875
0.3333333333333333,0.2413793103448276,0.08490566037735849,0.13793103448275862,0.07777777777777778,0.04819277108433735
0.3373493975903614,0.24096385542168675,0.1,0.2289156626506024,0.041666666666666664,0.038834951456310676
0.38271604938271603,0.3333333333333333,0.20253164556962025,0.2345679012345679,0.037037037037037035,0.06493506493506493
0.38461538461538464,0.26373626373626374,0.07692307692307693,0.16483516483516483,0.09859154929577464,0.0963855421686747
0.44,0.22,0.09302325581395349,0.11,0.056179775280898875,0.06593406593406594
0.32989690721649484,0.24742268041237114,0.08888888888888889,0.1958762886597938,0.14130434782608695,0.05102040816326531
0.44594594594594594,0.25675675675675674,0.13157894736842105,0.14864864864864866,0.08139534883720931,0.061224489795918366
0.3626373626373626,0.37362637362637363,0.07,0.15384615384615385,0.023809523809523808,0.05555555555555555
0.4,0.12631578947368421,0.041237113402061855,0.22105263157894736,0.09210526315789473,0.07692307692307693
0.3333333333333333,0.3448275862068966,0.075,0.10344827586206896,0.0784313725490196,0.053763440860215055
0.3655913978494624,0.24731182795698925,0.13541666666666666,0.25806451612903225,0.07142857142857142,0.10294117647058823
0.4791666666666667,0.23958333333333334,0.06930693069306931,0.1875,0.031007751937984496,0.021739130434782608
0.32926829268292684,0.35365853658536583,0.2753623188405797,0.24390243902439024,0.054945054945054944,0.07865168539325842
0.3434343434343434,0.30303030303030304,0.08045977011494253,0.25252525252525254,0.14705882352941177,0.04819277108433735
0.358695652173913,0.22826086956521738,0.12643678160919541,0.18478260869565216,0.10714285714285714,0.04395604395604396
0.3950617283950617,0.3333333333333333,0.061855670103092786,0.19753086419753085,0.06796116504854369,0.09302325581395349
0.21621621621621623,0.36486486486486486,0.11458333333333333,0.36486486486486486,0.1111111111111111,0.0625
0.3516483516483517,0.25274725274725274,0.17204301075268819,0.17582417582417584,0.04081632653061224,0.07476635514018691
0.35443037974683544,0.3924050632911392,0.06451612903225806,0.20253164556962025,0.07777777777777778,0.08602150537634409
0.45121951219512196,0.2682926829268293,0.18681318681318682,0.18292682926829268,0.053763440860215055,0.1111111111111111
0.3626373626373626,0.24175824175824176,0.19047619047619047,0.2857142857142857,0.029850746268656716,0.10975609756097561
0.24528301886792453,0.29245283018867924,0.09876543209876543,0.2169811320754717,0.058823529411764705,0.08
0.34285714285714286,0.3142857142857143,0.05504587155963303,0.24285714285714285,0.13186813186813187,0.0684931506849315
0.31645569620253167,0.16455696202531644,0.045871559633027525,0.13924050632911392,0.06521739130434782,0.11
0.4111111111111111,0.24444444444444444,0.08695652173913043,0.3,0.07865168539325842,0.07
0.27884615384615385,0.25961538461538464,0.043010752688172046,0.22115384615384615,0.04819277108433735,0.10126582278481013
0.4117647058823529,0.3176470588235294,0.07608695652173914,0.2,0.13186813186813187,0.039603960396039604
0.47674418604651164,0.19767441860465115,0.08235294117647059,0.11627906976744186,0.05813953488372093,0.11392405063291139
0.2111111111111111,0.3333333333333333,0.10843373493975904,0.2,0.03125,0.023529411764705882
0.35526315789473684,0.2631578947368421,0.09375,0.05263157894736842,0.06542056074766354,0.06896551724137931
0.28,0.28,0.2717391304347826,0.29,0.0449438202247191,0.02531645569620253
0.35051546391752575,0.29896907216494845,0.13846153846153847,0.16494845360824742,0.09523809523809523,0.07954545454545454
0.5,0.328125,0.11904761904761904,0.171875,0.07526881720430108,0.029411764705882353
0.34782608695652173,0.3695652173913043,0.2361111111111111,0.1956521739130435,0.024691358024691357,0.12244897959183673
0.225,0.2875,0.10833333333333334,0.325,0.07954545454545454,0.025
0.34831460674157305,0.3595505617977528,0.1,0.21348314606741572,0.05128205128205128,0.056179775280898875
0.3229166666666667,0.19791666666666666,0.08235294117647059,0.3020833333333333,0.02,0.11842105263157894
0.47058823529411764,0.2,0.07407407407407407,0.2823529411764706,0.05333333333333334,0.09090909090909091
0.21782178217821782,0.3564356435643564,0.05555555555555555,0.24752475247524752,0.10714285714285714,0.06796116504854369
0.18840579710144928,0.2318840579710145,0.11392405063291139,0.18840579710144928,0.0821917808219178,0.043478260869565216
0.3103448275862069,0.40229885057471265,0.11267605633802817,0.12643678160919541,0.07,0.07526881720430108
0.40229885057471265,0.25287356321839083,0.06741573033707865,0.16091954022988506,0.05,0.04081632653061224
0.29896907216494845,0.36082474226804123,0.05434782608695652,0.2268041237113402,0.06329113924050633,0.1
0.5647058823529412,0.23529411764705882,0.08235294117647059,0.2,0.0891089108910891,0.04081632653061224
0.25,0.3333333333333333,0.05063291139240506,0.17708333333333334,0.09375,0.06593406593406594
0.3118279569892473,0.20430107526881722,0.13043478260869565,0.23655913978494625,0.058823529411764705,0.05825242718446602
0.46236559139784944,0.20430107526881722,0.12790697674418605,0.22580645161290322,0.046511627906976744,0.08974358974358974
0.2087912087912088,0.2857142857142857,0.07142857142857142,0.2087912087912088,0.13333333333333333,0.0425531914893617
0.25396825396825395,0.3968253968253968,0.11538461538461539,0.15873015873015872,0.05063291139240506,0.05747126436781609
0.19753086419753085,0.35802469135802467,0.12745098039215685,0.2962962962962963,0.08235294117647059,0.025974025974025976
0.30275229357798167,0.22935779816513763,0.08163265306122448,0.29357798165137616,0.06666666666666667,0.021505376344086023
0.3853211009174312,0.21100917431192662,0.13178294573643412,0.13761467889908258,0.05063291139240506,0.0425531914893617
0.5432098765432098,0.2345679012345679,0.08791208791208792,0.1728395061728395,0.045454545454545456,0.07017543859649122
0.42391304347826086,0.20652173913043478,0.20588235294117646,0.2826086956521739,0.06097560975609756,0.02197802197802198
0.27956989247311825,0.3763440860215054,0.13095238095238096,0.24731182795698925,0.058823529411764705,0.041237113402061855
0.34782608695652173,0.31521739130434784,0.09090909090909091,0.15217391304347827,0.05405405405405406,0.056818181818181816
0.4,0.23529411764705882,0.13253012048192772,0.2,0.04081632653061224,0.061224489795918366
0.30120481927710846,0.24096385542168675,0.13592233009708737,0.20481927710843373,0.0625,0.06611570247933884
0.25,0.2916666666666667,0.13333333333333333,0.2604166666666667,0.047619047619047616,0.09333333333333334
0.21739130434782608,0.20652173913043478,0.11688311688311688,0.18478260869565216,0.06097560975609756,0.038461538461538464
0.4189189189189189,0.33783783783783783,0.060240963855421686,0.16216216216216217,0.020618556701030927,0.046511627906976744
0.4153846153846154,0.2153846153846154,0.08955223880597014,0.12307692307692308,0.06818181818181818,0.04878048780487805
0.30952380952380953,0.34523809523809523,0.04395604395604396,0.14285714285714285,0.02,0.125
0.35555555555555557,0.3,0.10204081632653061,0.26666666666666666,0.0759493670886076,0.07777777777777778
0.3194444444444444,0.2222222222222222,0.10204081632653061,0.2222222222222222,0.10869565217391304,0.01834862385321101
0.2916666666666667,0.3,0.1,0.24166666666666667,0.17142857142857143,0.0392156862745098
0.35714285714285715,0.2714285714285714,0.1076923076923077,0.2714285714285714,0.06521739130434782,0.07476635514018691
0.2,0.3764705882352941,0.0967741935483871,0.25882352941176473,0.061224489795918366,0.02531645569620253
0.23148148148148148,0.2777777777777778,0.11940298507462686,0.3055555555555556,0.06329113924050633,0.04504504504504504
0.28888888888888886,0.24444444444444444,0.08791208791208792,0.3333333333333333,0.05102040816326531,0.0945945945945946
0.27848101265822783,0.2911392405063291,0.05434782608695652,0.21518987341772153,0.06593406593406594,0.04395604395604396
0.4647887323943662,0.22535211267605634,0.1797752808988764,0.09859154929577464,0.07291666666666667,0.049019607843137254
0.39325842696629215,0.2247191011235955,0.08433734939759036,0.1797752808988764,0.04597701149425287,0.043010752688172046
0.11956521739130435,0.30434782608695654,0.08791208791208792,0.2608695652173913,0.025974025974025976,0.08
0.5176470588235295,0.21176470588235294,0.16279069767441862,0.11764705882352941,0.06493506493506493,0.05555555555555555
0.31645569620253167,0.21518987341772153,0.15625,0.4177215189873418,0.08602150537634409,0.06422018348623854
0.42028985507246375,0.17391304347826086,0.08411214953271028,0.2463768115942029,0.10638297872340426,0.14285714285714285
0.26744186046511625,0.29069767441860467,0.13978494623655913,0.1511627906976744,0.06493506493506493,0.052083333333333336
0.30952380952380953,0.34523809523809523,0.08108108108108109,0.16666666666666666,0.05555555555555555,0.05128205128205128
0.3333333333333333,0.3333333333333333,0.05263157894736842,0.15384615384615385,0.10989010989010989,0.024691358024691357
0.3815789473684211,0.2631578947368421,0.06172839506172839,0.2631578947368421,0.020618556701030927,0.07920792079207921
0.3431372549019608,0.27450980392156865,0.11842105263157894,0.17647058823529413,0.023529411764705882,0.08602150537634409
0.4387755102040816,0.17346938775510204,0.14634146341463414,0.21428571428571427,0.022727272727272728,0.09803921568627451
0.27906976744186046,0.21705426356589147,0.09574468085106383,0.2868217054263566,0.061224489795918366,0.04819277108433735
0.4044943820224719,0.30337078651685395,0.11363636363636363,0.23595505617977527,0.03305785123966942,0.06422018348623854
0.38461538461538464,0.24175824175824176,0.12658227848101267,0.23076923076923078,0.08,0.07894736842105263
0.36764705882352944,0.11764705882352941,0.02564102564102564,0.16176470588235295,0.04807692307692308,0.024096385542168676
0.36904761904761907,0.30952380952380953,0.1111111111111111,0.08333333333333333,0.04938271604938271,0.06329113924050633
0.5454545454545454,0.16666666666666666,0.14666666666666667,0.19696969696969696,0.07407407407407407,0.049019607843137254
0.2289156626506024,0.40963855421686746,0.2261904761904762,0.18072289156626506,0.08139534883720931,0.044444444444444446
0.3786407766990291,0.24271844660194175,0.1,0.13592233009708737,0.04878048780487805,0.02197802197802198
0.24444444444444444,0.3,0.14,0.2111111111111111,0.04040404040404041,0.08235294117647059
0.37662337662337664,0.2857142857142857,0.11392405063291139,0.15584415584415584,0.125,0.023809523809523808
0.1566265060240964,0.39759036144578314,0.10227272727272728,0.2891566265060241,0.05263157894736842,0.058823529411764705
0.373134328358209,0.3582089552238806,0.1188118811881188,0.1791044776119403,0.022222222222222223,0.04040404040404041
0.3076923076923077,0.3626373626373626,0.07291666666666667,0.21978021978021978,0.11009174311926606,0.05
0.3469387755102041,0.32653061224489793,0.046511627906976744,0.17346938775510204,0.07142857142857142,0.16091954022988506
0.23469387755102042,0.29591836734693877,0.08,0.2653061224489796,0.0392156862745098,0.041666666666666664
0.37777777777777777,0.25555555555555554,0.08235294117647059,0.13333333333333333,0.06493506493506493,0.04395604395604396
0.24615384615384617,0.26153846153846155,0.13636363636363635,0.3076923076923077,0.028985507246376812,0.05333333333333334
0.21505376344086022,0.3118279569892473,0.08045977011494253,0.26881720430107525,0.05063291139240506,0.0449438202247191
0.373134328358209,0.34328358208955223,0.17721518987341772,0.13432835820895522,0.04504504504504504,0.07608695652173914
0.3235294117647059,0.2647058823529412,0.12658227848101267,0.25,0.0989010989010989,0.08247422680412371
0.34065934065934067,0.26373626373626374,0.25,0.17582417582417584,0.0392156862745098,0.07339449541284404
0.532608695652174,0.15217391304347827,0.12195121951219512,0.17391304347826086,0.08602150537634409,0.05952380952380952
0.25842696629213485,0.15730337078651685,0.11764705882352941,0.24719101123595505,0.027777777777777776,0.05263157894736842
0.352112676056338,0.4225352112676056,0.13513513513513514,0.22535211267605634,0.06172839506172839,0.02564102564102564
0.3493975903614458,0.3493975903614458,0.15306122448979592,0.12048192771084337,0.045871559633027525,0.08
0.32967032967032966,0.3516483516483517,0.175,0.18681318681318682,0.06493506493506493,0.06666666666666667
0.4065934065934066,0.24175824175824176,0.07142857142857142,0.21978021978021978,0.07291666666666667,0.04597701149425287
0.2441860465116279,0.29069767441860467,0.09523809523809523,0.1511627906976744,0.04938271604938271,0.044444444444444446
0.234375,0.25,0.06741573033707865,0.265625,0.06930693069306931,0.03076923076923077
0.2897196261682243,0.22429906542056074,0.10526315789473684,0.2616822429906542,0.043010752688172046,0.04040404040404041
0.24719101123595505,0.29213483146067415,0.049019607843137254,0.4157303370786517,0.022988505747126436,0.025974025974025976
0.2619047619047619,0.34523809523809523,0.13636363636363635,0.2976190476190476,0.08823529411764706,0.10576923076923077
0.3870967741935484,0.1935483870967742,0.12,0.11827956989247312,0.05504587155963303,0.043478260869565216
0.36486486486486486,0.4189189189189189,0.038834951456310676,0.13513513513513514,0.075,0.05319148936170213
0.5263157894736842,0.21052631578947367,0.13924050632911392,0.21052631578947367,0.09090909090909091,0.06896551724137931
0.30864197530864196,0.2222222222222222,0.08571428571428572,0.2716049382716049,0.06329113924050633,0.07317073170731707
0.5909090909090909,0.18181818181818182,0.08602150537634409,0.22727272727272727,0.049019607843137254,0.07142857142857142
0.35526315789473684,0.34210526315789475,0.13043478260869565,0.18421052631578946,0.044444444444444446,0.047619047619047616
0.35365853658536583,0.21951219512195122,0.10869565217391304,0.17073170731707318,0.07692307692307693,0.05333333333333334
0.2978723404255319,0.2872340425531915,0.10204081632653061,0.3191489361702128,0.04040404040404041,0.04395604395604396
0.375,0.29545454545454547,0.0625,0.13636363636363635,0.04597701149425287,0.09210526315789473
0.35443037974683544,0.3291139240506329,0.17721518987341772,0.189873417721519,0.08791208791208792,0.02127659574468085
0.3466666666666667,0.3333333333333333,0.1,0.24,0.10294117647058823,0.07407407407407407
0.44871794871794873,0.23076923076923078,0.07142857142857142,0.24358974358974358,0.07865168539325842,0.05263157894736842
0.32,0.39,0.06593406593406594,0.27,0.061855670103092786,0.06329113924050633
0.37037037037037035,0.2962962962962963,0.14583333333333334,0.2222222222222222,0.06422018348623854,0.053763440860215055
0.18666666666666668,0.30666666666666664,0.05825242718446602,0.30666666666666664,0.047619047619047616,0.07446808510638298
0.35714285714285715,0.19047619047619047,0.06382978723404255,0.11904761904761904,0.05263157894736842,0.028985507246376812
0.3150684931506849,0.3424657534246575,0.1839080459770115,0.1917808219178082,0.0641025641025641,0.05434782608695652
0.29,0.24,0.08602150537634409,0.19,0.07865168539325842,0.05555555555555555
0.31,0.23,0.10638297872340426,0.2,0.046511627906976744,0.05970149253731343
0.3037974683544304,0.189873417721519,0.14285714285714285,0.22784810126582278,0.09523809523809523,0.024096385542168676
0.36363636363636365,0.3068181818181818,0.15789473684210525,0.22727272727272727,0.14942528735632185,0.08163265306122448
0.43564356435643564,0.12871287128712872,0.02702702702702703,0.18811881188118812,0.05555555555555555,0.047619047619047616
0.4375,0.125,0.20833333333333334,0.2708333333333333,0.12987012987012986,0.046511627906976744
0.4117647058823529,0.27941176470588236,0.20618556701030927,0.25,0.08653846153846154,0.08620689655172414
0.26744186046511625,0.3953488372093023,0.07058823529411765,0.2441860465116279,0.05434782608695652,0.08333333333333333
0.3333333333333333,0.17333333333333334,0.14772727272727273,0.28,0.02127659574468085,0.0425531914893617
0.34177215189873417,0.24050632911392406,0.04081632653061224,0.25316455696202533,0.02531645569620253,0.08235294117647059
0.3411764705882353,0.29411764705882354,0.09917355371900827,0.17647058823529413,0.07954545454545454,0.021505376344086023
0.3409090909090909,0.23863636363636365,0.12,0.2840909090909091,0.04597701149425287,0.061855670103092786
0.28735632183908044,0.39080459770114945,0.057692307692307696,0.1724137931034483,0.05128205128205128,0.06329113924050633
0.3670886075949367,0.21518987341772153,0.13580246913580246,0.21518987341772153,0.04878048780487805,0.11320754716981132
0.37333333333333335,0.25333333333333335,0.14814814814814814,0.30666666666666664,0.125,0.0784313725490196
0.3291139240506329,0.27848101265822783,0.14634146341463414,0.21518987341772153,0.08333333333333333,0.024096385542168676
0.2159090909090909,0.23863636363636365,0.1111111111111111,0.17045454545454544,0.06593406593406594,0.14736842105263157
0.35365853658536583,0.2804878048780488,0.13157894736842105,0.18292682926829268,0.0425531914893617,0.023809523809523808
0.14705882352941177,0.4411764705882353,0.06666666666666667,0.20588235294117646,0.04938271604938271,0.045454545454545456
0.35135135135135137,0.3108108108108108,0.09722222222222222,0.14864864864864866,0.05263157894736842,0.06818181818181818
0.25510204081632654,0.23469387755102042,0.10091743119266056,0.19387755102040816,0.05063291139240506,0.02197802197802198
0.275,0.25,0.09803921568627451,0.2125,0.0967741935483871,0.07446808510638298
0.34523809523809523,0.23809523809523808,0.1038961038961039,0.2976190476190476,0.0425531914893617,0.09090909090909091
0.27380952380952384,0.38095238095238093,0.15384615384615385,0.25,0.057971014492753624,0.07954545454545454
0.43902439024390244,0.35365853658536583,0.07476635514018691,0.14634146341463414,0.08791208791208792,0.08333333333333333
0.33707865168539325,0.29213483146067415,0.10126582278481013,0.24719101123595505,0.021739130434782608,0.05263157894736842
0.36082474226804123,0.44329896907216493,0.07207207207207207,0.17525773195876287,0.06896551724137931,0.05
0.2631578947368421,0.3026315789473684,0.12162162162162163,0.21052631578947367,0.07608695652173914,0.11392405063291139
0.46078431372549017,0.2549019607843137,0.07692307692307693,0.23529411764705882,0.05555555555555555,0.07777777777777778
0.38636363636363635,0.18181818181818182,0.0784313725490196,0.13636363636363635,0.06976744186046512,0.12643678160919541
0.31,0.27,0.08602150537634409,0.28,0.04081632653061224,0.08536585365853659
0.2815533980582524,0.4368932038834951,0.09,0.17475728155339806,0.11904761904761904,0.07692307692307693
0.46835443037974683,0.1518987341772152,0.20833333333333334,0.16455696202531644,0.046511627906976744,0.07228915662650602
0.44565217391304346,0.18478260869565216,0.04938271604938271,0.21739130434782608,0.06896551724137931,0.0425531914893617
0.2714285714285714,0.2857142857142857,0.1559633027522936,0.18571428571428572,0.023809523809523808,0.0449438202247191
0.3010752688172043,0.22580645161290322,0.07291666666666667,0.3118279569892473,0.05319148936170213,0.07
0.4673913043478261,0.14130434782608695,0.05128205128205128,0.2608695652173913,0.11764705882352941,0.05660377358490566
0.33695652173913043,0.2717391304347826,0.06172839506172839,0.21739130434782608,0.043010752688172046,0.136986301369863
0.2653061224489796,0.30612244897959184,0.14583333333333334,0.22448979591836735,0.10309278350515463,0.05555555555555555
0.425,0.225,0.10891089108910891,0.1875,0.058823529411764705,0.06097560975609756
0.27848101265822783,0.26582278481012656,0.08974358974358974,0.21518987341772153,0.047619047619047616,0.08
0.2875,0.3,0.16129032258064516,0.3125,0.058823529411764705,0.11650485436893204
0.3163265306122449,0.30612244897959184,0.09195402298850575,0.21428571428571427,0.043478260869565216,0.06422018348623854
0.3626373626373626,0.3516483516483517,0.17647058823529413,0.08791208791208792,0.04938271604938271,0.08536585365853659
0.3020833333333333,0.3333333333333333,0.0963855421686747,0.14583333333333334,0.018867924528301886,0.0392156862745098
0.32038834951456313,0.2524271844660194,0.12844036697247707,0.3106796116504854,0.06862745098039216,0.06097560975609756
0.358974358974359,0.2948717948717949,0.10526315789473684,0.2564102564102564,0.024096385542168676,0.054945054945054944
0.4367816091954023,0.3333333333333333,0.125,0.1839080459770115,0.09210526315789473,0.06611570247933884
0.3723404255319149,0.35106382978723405,0.08433734939759036,0.1702127659574468,0.023809523809523808,0.056074766355140186
0.3333333333333333,0.26436781609195403,0.1111111111111111,0.16091954022988506,0.04597701149425287,0.057971014492753624
0.4155844155844156,0.15584415584415584,0.08860759493670886,0.37662337662337664,0.056179775280898875,0.0625
0.5,0.2631578947368421,0.11764705882352941,0.23684210526315788,0.11363636363636363,0.0898876404494382
0.4155844155844156,0.4025974025974026,0.13157894736842105,0.11688311688311688,0.07954545454545454,0.08333333333333333
0.45161290322580644,0.16129032258064516,0.056179775280898875,0.1935483870967742,0.05154639175257732,0.025974025974025976
0.30851063829787234,0.23404255319148937,0.13333333333333333,0.20212765957446807,0.06593406593406594,0.06930693069306931
0.35064935064935066,0.24675324675324675,0.10989010989010989,0.19480519480519481,0.02127659574468085,0.06666666666666667
0.38596491228070173,0.38596491228070173,0.12941176470588237,0.14864864864864866,0.07954545454545454,0.1125
0.4864864864864865,0.33783783783783783,0.08333333333333333,0.19444444444444445,0.056818181818181816,0.04938271604938271
0.3333333333333333,0.20833333333333334,0.06557377049180328,0.16483516483516483,0.022222222222222223,0.1262135922330097
0.4065934065934066,0.2967032967032967,0.16470588235294117,0.10309278350515463,0.05128205128205128,0.07042253521126761
0.20618556701030927,0.422680412371134,0.21212121212121213,0.24705882352941178,0.061224489795918366,0.05660377358490566
0.3764705882352941,0.2823529411764706,0.05970149253731343,0.22727272727272727,0.02531645569620253,0.0594059405940594
0.3409090909090909,0.20454545454545456,0.09195402298850575,0.23469387755102042,0.06666666666666667,0.08333333333333333
0.24489795918367346,0.35714285714285715,0.15384615384615385,0.1652892561983471,0.08045977011494253,0.0380952380952381
0.33884297520661155,0.2975206611570248,0.15,0.17333333333333334,0.05128205128205128,0.02857142857142857
0.22666666666666666,0.30666666666666664,0.09195402298850575,0.19230769230769232,0.0851063829787234,0.03636363636363636
0.3269230769230769,0.33653846153846156,0.07291666666666667,0.18518518518518517,0.0425531914893617,0.05405405405405406
0.41975308641975306,0.20987654320987653,0.12087912087912088,0.23255813953488372,0.08860759493670886,0.023809523809523808
0.46296296296296297,0.3148148148148148,0.056179775280898875,0.13414634146341464,0.08,0.05747126436781609
0.32558139534883723,0.313953488372093,0.07608695652173914,0.16161616161616163,0.05660377358490566,0.05714285714285714
0.35365853658536583,0.2682926829268293,0.10309278350515463,0.28125,0.0273972602739726,0.13333333333333333
0.3333333333333333,0.35353535353535354,0.09302325581395349,0.07894736842105263,0.050505050505050504,0.10126582278481013
0.46875,0.3815789473684211,0.13761467889908258,0.3,0.05333333333333334,0.06086956521739131
0.35526315789473684,0.3111111111111111,0.09473684210526316,0.20833333333333334,0.05555555555555555,0.029850746268656716
0.2222222222222222,0.4305555555555556,0.10606060606060606,0.1651376146788991,0.019417475728155338,0.053763440860215055
0.2638888888888889,0.30275229357798167,0.056179775280898875,0.2976190476190476,0.049019607843137254,0.04819277108433735
0.30275229357798167,0.23809523809523808,0.08974358974358974,0.19607843137254902,0.021505376344086023,0.13043478260869565
0.39285714285714285,0.23529411764705882,0.05813953488372093,0.2857142857142857,0.10989010989010989,0.06956521739130435
0.39215686274509803,0.2597402597402597,0.13095238095238096,0.3333333333333333,0.09574468085106383,0.0449438202247191
0.2857142857142857,0.37681159420289856,0.09,0.2923076923076923,0.03305785123966942,0.14925373134328357
0.2608695652173913,0.2153846153846154,0.12380952380952381,0.2523364485981308,0.06542056074766354,0.04819277108433735
0.3384615384615385,0.3364485981308411,0.16091954022988506,0.12658227848101267,0.10144927536231885,0.03571428571428571
0.2616822429906542,0.24050632911392406,0.15384615384615385,0.21621621621621623,0.0449438202247191,0.11956521739130435
0.45569620253164556,0.2972972972972973,0.12121212121212122,0.22972972972972974,0.05952380952380952,0.0963855421686747
0.32432432432432434,0.2972972972972973,0.11688311688311688,0.14285714285714285,0.08,0.039603960396039604
0.25675675675675674,0.3516483516483517,0.08653846153846154,0.22549019607843138,0.06172839506172839,0.07777777777777778
0.2857142857142857,0.22549019607843138,0.05434782608695652,0.11827956989247312,0.047058823529411764,0.05128205128205128
0.38235294117647056,0.34408602150537637,0.14492753623188406,0.29,0.04854368932038835,0.09302325581395349
0.3225806451612903,0.24,0.1276595744680851,0.1527777777777778,0.06930693069306931,0.04854368932038835
0.3,0.3055555555555556,0.21518987341772153,0.2345679012345679,0.05952380952380952,0.06796116504854369
0.25,0.25925925925925924,0.14772727272727273,0.27522935779816515,0.08571428571428572,0.0449438202247191
0.3950617283950617,0.25688073394495414,0.20689655172413793,0.23376623376623376,0.07865168539325842,0.05434782608695652
0.2018348623853211,0.12987012987012986,0.16666666666666666,0.2604166666666667,0.05405405405405406,0.11650485436893204
0.42857142857142855,0.2604166666666667,0.07317073170731707,0.16666666666666666,0.05952380952380952,0.10588235294117647
0.28125,0.3974358974358974,0.12,0.16049382716049382,0.05747126436781609,0.023809523809523808
0.3333333333333333,0.19753086419753085,0.12087912087912088,0.20833333333333334,0.15730337078651685,0.09210526315789473
0.5061728395061729,0.20833333333333334,0.14473684210526316,0.13861386138613863,0.02666666666666667,0.09090909090909091
0.4375,0.24752475247524752,0.18085106382978725,0.1794871794871795,0.075,0.023529411764705882
0.3564356435643564,0.28205128205128205,0.12345679012345678,0.15053763440860216,0.05555555555555555,0.12307692307692308
0.44871794871794873,0.2903225806451613,0.12658227848101267,0.2413793103448276,0.024390243902439025,0.125
0.26881720430107525,0.27586206896551724,0.17204301075268819,0.17647058823529413,0.14782608695652175,0.052083333333333336
0.367816091954023,0.22549019607843138,0.07446808510638298,0.2289156626506024,0.0963855421686747,0.06493506493506493
0.23529411764705882,0.1927710843373494,0.08695652173913043,0.11009174311926606,0.043010752688172046,0.05263157894736842
0.43373493975903615,0.21100917431192662,0.07692307692307693,0.21052631578947367,0.14457831325301204,0.036036036036036036
0.43119266055045874,0.25,0.08695652173913043,0.1875,0.05434782608695652,0.08333333333333333
0.35526315789473684,0.2375,0.10869565217391304,0.1927710843373494,0.05434782608695652,0.06741573033707865
0.375,0.25301204819277107,0.11940298507462686,0.1919191919191919,0.06086956521739131,0.06521739130434782
0.4457831325301205,0.26262626262626265,0.13253012048192772,0.3037974683544304,0.0449438202247191,0.14606741573033707
0.3434343434343434,0.22784810126582278,0.14285714285714285,0.21568627450980393,0.0273972602739726,0.04395604395604396
0.25316455696202533,0.20588235294117646,0.047619047619047616,0.15789473684210525,0.08695652173913043,0.058823529411764705
0.3627450980392157,0.25,0.046511627906976744,0.2247191011235955,0.07462686567164178,0.038461538461538464
0.4605263157894737,0.3595505617977528,0.1206896551724138,0.2111111111111111,0.07207207207207207,0.023809523809523808
0.3595505617977528,0.3333333333333333,0.09523809523809523,0.21978021978021978,0.11627906976744186,0.07608695652173914
0.23333333333333334,0.3626373626373626,0.14893617021276595,0.11764705882352941,0.0963855421686747,0.024691358024691357
0.2087912087912088,0.43529411764705883,0.21176470588235294,0.15476190476190477,0.06930693069306931,0.125
0.23529411764705882,0.30952380952380953,0.10309278350515463,0.26229508196721313,0.1,0.02
0.42857142857142855,0.2459016393442623,0.10714285714285714,0.18823529411764706,0.038834951456310676,0.10344827586206896
0.4262295081967213,0.32941176470588235,0.10588235294117647,0.13131313131313133,0.08737864077669903,0.029850746268656716
0.25882352941176473,0.35353535353535354,0.07608695652173914,0.2625,0.06741573033707865,0.06
0.2222222222222222,0.3,0.13580246913580246,0.1791044776119403,0.06796116504854369,0.08602150537634409
0.3875,0.34328358208955223,0.1509433962264151,0.20689655172413793,0.05747126436781609,0.0970873786407767
0.417910447761194,0.22988505747126436,0.08823529411764706,0.2692307692307692,0.023529411764705882,0.07462686567164178
0.47126436781609193,0.28,0.13253012048192772,0.2,0.13636363636363635,0.06172839506172839
0.5769230769230769,0.28735632183908044,0.14736842105263157,0.1839080459770115,0.056818181818181816,0.05813953488372093
0.37,0.4166666666666667,0.06578947368421052,0.1875,0.020833333333333332,0.025974025974025976
0.22988505747126436,0.23076923076923078,0.11904761904761904,0.12087912087912088,0.0425531914893617,0.06666666666666667
0.28125,0.37333333333333335,0.12643678160919541,0.3466666666666667,0.11688311688311688,0.08974358974358974
0.3956043956043956,0.4852941176470588,0.1744186046511628,0.17647058823529413,0.1368421052631579,0.0821917808219178
0.22666666666666666,0.24719101123595505,0.125,0.25842696629213485,0.06306306306306306,0.05154639175257732
0.23529411764705882,0.2608695652173913,0.06818181818181818,0.22826086956521738,0.05434782608695652,0.046511627906976744
0.3146067415730337,0.29896907216494845,0.14432989690721648,0.20618556701030927,0.06521739130434782,0.08974358974358974
0.358695652173913,0.3372093023255814,0.07692307692307693,0.20930232558139536,0.0875,0.10101010101010101
0.24742268041237114,0.28440366972477066,0.06382978723404255,0.14678899082568808,0.08,0.054945054945054944
0.36046511627906974,0.40476190476190477,0.20454545454545456,0.2619047619047619,0.0449438202247191,0.05
0.29357798165137616,0.2,0.045454545454545456,0.3263157894736842,0.04395604395604396,0.02531645569620253
0.2261904761904762,0.4090909090909091,0.0975609756097561,0.2727272727272727,0.05194805194805195,0.06097560975609756
0.2736842105263158,0.3717948717948718,0.1,0.14102564102564102,0.04807692307692308,0.05555555555555555
0.21212121212121213,0.3258426966292135,0.0641025641025641,0.19101123595505617,0.047619047619047616,0.0547945205479452
0.3974358974358974,0.20512820512820512,0.1388888888888889,0.1794871794871795,0.09523809523809523,0.08045977011494253
0.34831460674157305,0.313953488372093,0.06315789473684211,0.27906976744186046,0.0547945205479452,0.09333333333333334
0.5256410256410257,0.35714285714285715,0.14285714285714285,0.16666666666666666,0.04938271604938271,0.05
0.3023255813953488,0.36,0.09,0.14,0.05,0.05813953488372093
0.34523809523809523,0.2857142857142857,0.11475409836065574,0.12380952380952381,0.028169014084507043,0.08602150537634409
0.33,0.27586206896551724,0.07228915662650602,0.12643678160919541,0.08333333333333333,0.05357142857142857
0.3047619047619048,0.3111111111111111,0.1111111111111111,0.13333333333333333,0.05154639175257732,0.058823529411764705
0.2413793103448276,0.24615384615384617,0.19540229885057472,0.2,0.04597701149425287,0.11578947368421053
0.45555555555555555,0.31313131313131315,0.10975609756097561,0.2828282828282828,0.14925373134328357,0.13114754098360656
0.36923076923076925,0.2077922077922078,0.05128205128205128,0.15584415584415584,0.1,0.09195402298850575
0.24242424242424243,0.33653846153846156,0.08433734939759036,0.15384615384615385,0.08602150537634409,0.06060606060606061
0.36363636363636365,0.20652173913043478,0.1276595744680851,0.2391304347826087,0.05825242718446602,0.07407407407407407
0.23076923076923078,0.34782608695652173,0.05319148936170213,0.18840579710144928,0.029850746268656716,0.054945054945054944
0.40217391304347827,0.2553191489361702,0.10112359550561797,0.2765957446808511,0.08641975308641975,0.05434782608695652
0.3188405797101449,0.11392405063291139,0.05,0.31645569620253167,0.10465116279069768,0.11764705882352941
0.26595744680851063,0.20454545454545456,0.12264150943396226,0.17045454545454544,0.044444444444444446,0.07777777777777778
0.3291139240506329,0.13793103448275862,0.1232876712328767,0.25287356321839083,0.07216494845360824,0.09230769230769231
0.3977272727272727,0.3333333333333333,0.08,0.10256410256410256,0.07216494845360824,0.061224489795918366
0.28735632183908044,0.24390243902439024,0.05555555555555555,0.17073170731707318,0.03333333333333333,0.09
0.34615384615384615,0.26785714285714285,0.16161616161616163,0.21428571428571427,0.08139534883720931,0.0625
0.3902439024390244,0.21428571428571427,0.13414634146341464,0.25,0.05128205128205128,0.047058823529411764
0.32142857142857145,0.17333333333333334,0.16,0.22666666666666666,0.08080808080808081,0.039603960396039604
0.40476190476190477,0.2087912087912088,0.1553398058252427,0.2087912087912088,0.06593406593406594,0.05063291139240506
0.4266666666666667,0.3026315789473684,0.05504587155963303,0.23684210526315788,0.05263157894736842,0.09333333333333334
0.3516483516483517,0.30851063829787234,0.14634146341463414,0.13829787234042554,0.0759493670886076,0.03773584905660377
0.2236842105263158,0.24691358024691357,0.11764705882352941,0.19753086419753085,0.06097560975609756,0.04938271604938271
0.30851063829787234,0.3157894736842105,0.16129032258064516,0.3026315789473684,0.044444444444444446,0.05504587155963303
0.30864197530864196,0.22784810126582278,0.12195121951219512,0.17721518987341772,0.08602150537634409,0.07017543859649122
0.27631578947368424,0.16129032258064516,0.0851063829787234,0.3010752688172043,0.04597701149425287,0.09722222222222222
0.35443037974683544,0.3829787234042553,0.0743801652892562,0.20212765957446807,0.024390243902439025,0.05714285714285714
0.21505376344086022,0.2753623188405797,0.09345794392523364,0.2318840579710145,0.08450704225352113,0.025
0.22340425531914893,0.31868131868131866,0.13043478260869565,0.26373626373626374,0.0425531914893617,0.053763440860215055
0.3188405797101449,0.2717391304347826,0.1625,0.2608695652173913,0.10752688172043011,0.05333333333333334
0.25274725274725274,0.2988505747126437,0.12359550561797752,0.22988505747126436,0.02857142857142857,0.029850746268656716
0.30434782608695654,0.2608695652173913,0.2413793103448276,0.16304347826086957,0.11607142857142858,0.08333333333333333
0.40229885057471265,0.375,0.05194805194805195,0.19444444444444445,0.12987012987012986,0.058823529411764705
0.391304347826087,0.23880597014925373,0.0891089108910891,0.22388059701492538,0.0449438202247191,0.06666666666666667
0.3194444444444444,0.3953488372093023,0.05333333333333334,0.22093023255813954,0.06756756756756757,0.05128205128205128
0.3582089552238806,0.24096385542168675,0.075,0.27710843373493976,0.04395604395604396,0.06060606060606061
0.313953488372093,0.14285714285714285,0.04938271604938271,0.29591836734693877,0.11475409836065574,0.06315789473684211
0.3253012048192771,0.2619047619047619,0.11764705882352941,0.16666666666666666,0.12121212121212122,0.08620689655172414
0.29591836734693877,0.26744186046511625,0.1262135922330097,0.12790697674418605,0.09302325581395349,0.06944444444444445
0.35714285714285715,0.1724137931034483,0.09859154929577464,0.2413793103448276,0.07608695652173914,0.05263157894736842
0.46511627906976744,0.2261904761904762,0.07547169811320754,0.17857142857142858,0.06593406593406594,0.043478260869565216
0.3103448275862069,0.2553191489361702,0.0891089108910891,0.14893617021276595,0.05194805194805195,0.04716981132075472
0.39285714285714285,0.18823529411764706,0.09523809523809523,0.1411764705882353,0.12658227848101267,0.05063291139240506
0.35106382978723405,0.3333333333333333,0.09375,0.27956989247311825,0.06153846153846154,0.07446808510638298
0.25882352941176473,0.17525773195876287,0.12380952380952381,0.23711340206185566,0.021505376344086023,0.05555555555555555
0.3225806451612903,0.24705882352941178,0.11428571428571428,0.29411764705882354,0.061224489795918366,0.044444444444444446
0.31958762886597936,0.4318181818181818,0.15730337078651685,0.29545454545454547,0.07,0.02531645569620253
0.4,0.2857142857142857,0.2727272727272727,0.2619047619047619,0.043010752688172046,0.023809523809523808
0.2727272727272727,0.21176470588235294,0.0945945945945946,0.23529411764705882,0.05102040816326531,0.0759493670886076
0.2976190476190476,0.358695652173913,0.20238095238095238,0.18478260869565216,0.0594059405940594,0.04950495049504951
0.38823529411764707,0.2222222222222222,0.11538461538461539,0.1728395061728395,0.05333333333333334,0.09876543209876543
0.33695652173913043,0.3670886075949367,0.2,0.21518987341772153,0.018867924528301886,0.14814814814814814
0.41975308641975306,0.3113207547169811,0.056179775280898875,0.16037735849056603,0.1111111111111111,0.043478260869565216
0.35443037974683544,0.4918032786885246,0.09333333333333334,0.26229508196721313,0.07339449541284404,0.06666666666666667
0.24528301886792453,0.28431372549019607,0.1875,0.1568627450980392,0.03508771929824561,0.05747126436781609
0.2459016393442623,0.27710843373493976,0.09278350515463918,0.1566265060240964,0.058823529411764705,0.08860759493670886
0.3235294117647059,0.14736842105263157,0.1,0.23157894736842105,0.04081632653061224,0.0660377358490566
0.3855421686746988,0.3026315789473684,0.04878048780487805,0.15789473684210525,0.0449438202247191,0.09
0.3263157894736842,0.25842696629213485,0.1391304347826087,0.29213483146067415,0.043010752688172046,0.04081632653061224
0.3815789473684211,0.2619047619047619,0.1566265060240964,0.23809523809523808,0.02666666666666667,0.07017543859649122
0.449438202247191,0.21839080459770116,0.04819277108433735,0.25287356321839083,0.07462686567164178,0.08433734939759036
0.3333333333333333,0.313953488372093,0.06451612903225806,0.1511627906976744,0.0625,0.052083333333333336
0.3563218390804598,0.26136363636363635,0.10843373493975904,0.26136363636363635,0.07352941176470588,0.11214953271028037
0.36046511627906974,0.38202247191011235,0.13043478260869565,0.3146067415730337,0.06666666666666667,0.05
0.4772727272727273,0.3068181818181818,0.10869565217391304,0.18181818181818182,0.0641025641025641,0.10256410256410256
0.24719101123595505,0.23863636363636365,0.0782608695652174,0.3068181818181818,0.0273972602739726,0.019417475728155338
0.3522727272727273,0.3068181818181818,0.10112359550561797,0.2840909090909091,0.0684931506849315,0.038834951456310676
0.18181818181818182,0.1958762886597938,0.0684931506849315,0.26804123711340205,0.041237113402061855,0.08
0.3409090909090909,0.36363636363636365,0.13043478260869565,0.19480519480519481,0.06896551724137931,0.07692307692307693
0.3402061855670103,0.34065934065934067,0.08955223880597014,0.13186813186813187,0.05555555555555555,0.06329113924050633
0.44155844155844154,0.3617021276595745,0.10843373493975904,0.11702127659574468,0.04597701149425287,0.047058823529411764
0.3626373626373626,0.32954545454545453,0.14942528735632185,0.22727272727272727,0.07608695652173914,0.05263157894736842
0.3617021276595745,0.23863636363636365,0.12790697674418605,0.19318181818181818,0.047619047619047616,0.05063291139240506
0.2727272727272727,0.29545454545454547,0.0625,0.22727272727272727,0.08108108108108109,0.03773584905660377
0.3068181818181818,0.4024390243902439,0.1956521739130435,0.13414634146341464,0.07692307692307693,0.045454545454545456
0.3522727272727273,0.34444444444444444,0.14634146341463414,0.3111111111111111,0.10638297872340426,0.06153846153846154
0.36585365853658536,0.3717948717948718,0.07228915662650602,0.1794871794871795,0.08974358974358974,0.056338028169014086
0.2222222222222222,0.18055555555555555,0.13333333333333333,0.2222222222222222,0.08247422680412371,0.045454545454545456
0.3333333333333333,0.3157894736842105,0.11627906976744186,0.2631578947368421,0.027777777777777776,0.06862745098039216
0.375,0.37755102040816324,0.10869565217391304,0.22448979591836735,0.037037037037037035,0.08791208791208792
0.30526315789473685,0.28,0.10679611650485436,0.16,0.08888888888888889,0.10112359550561797
0.19387755102040816,0.34177215189873417,0.13592233009708737,0.16455696202531644,0.04950495049504951,0.08333333333333333
0.42,0.29508196721311475,0.06741573033707865,0.14754098360655737,0.04938271604938271,0.044642857142857144
0.35443037974683544,0.2289156626506024,0.08695652173913043,0.21686746987951808,0.05263157894736842,0.07291666666666667
0.4426229508196721,0.2111111111111111,0.08247422680412371,0.23333333333333334,0.07792207792207792,0.04081632653061224
0.4819277108433735,0.16091954022988506,0.11494252873563218,0.13793103448275862,0.10843373493975904,0.06542056074766354
0.3,0.2804878048780488,0.047058823529411764,0.24390243902439024,0.08333333333333333,0.04
0.2988505747126437,0.3333333333333333,0.14285714285714285,0.21794871794871795,0.08695652173913043,0.08888888888888889
0.2804878048780488,0.2891566265060241,0.09210526315789473,0.30120481927710846,0.044444444444444446,0.038834951456310676
0.2692307692307692,0.20212765957446807,0.2,0.2127659574468085,0.022988505747126436,0.08641975308641975
0.25301204819277107,0.39361702127659576,0.08888888888888889,0.30851063829787234,0.02531645569620253,0.05194805194805195
0.3723404255319149,0.21348314606741572,0.10606060606060606,0.2247191011235955,0.03773584905660377,0.022988505747126436
0.1595744680851064,0.35443037974683544,0.045454545454545456,0.25316455696202533,0.0449438202247191,0.06666666666666667
0.4157303370786517,0.23,0.10416666666666667,0.22,0.045454545454545456,0.10126582278481013
0.3037974683544304,0.27472527472527475,0.07291666666666667,0.31868131868131866,0.023809523809523808,0.046511627906976744
0.35,0.18867924528301888,0.11363636363636363,0.24528301886792453,0.04,0.03361344537815126
0.4065934065934066,0.3150684931506849,0.10638297872340426,0.1780821917808219,0.12280701754385964,0.08433734939759036
0.330188679245283,0.26666666666666666,0.15584415584415584,0.22666666666666666,0.10843373493975904,0.056179775280898875
0.2191780821917808,0.20833333333333334,0.18947368421052632,0.2638888888888889,0.07291666666666667,0.06896551724137931
0.4266666666666667,0.1717171717171717,0.10810810810810811,0.18181818181818182,0.024096385542168676,0.03225806451612903
0.4166666666666667,0.32926829268292684,0.11956521739130435,0.17073170731707318,0.06756756756756757,0.08602150537634409
0.43434343434343436,0.3333333333333333,0.09523809523809523,0.12,0.037383177570093455,0.022222222222222223
0.3048780487804878,0.2777777777777778,0.0898876404494382,0.25,0.038834951456310676,0.0963855421686747
0.25333333333333335,0.20388349514563106,0.22826086956521738,0.22330097087378642,0.07766990291262135,0.05263157894736842
0.4166666666666667,0.23333333333333334,0.1125,0.35,0.07,0.06521739130434782
0.2815533980582524,0.3577981651376147,0.08,0.22018348623853212,0.05063291139240506,0.0761904761904762
0.4166666666666667,0.07317073170731707,0.10112359550561797,0.18292682926829268,0.09411764705882353,0.04081632653061224
0.30275229357798167,0.28431372549019607,0.054945054945054944,0.24509803921568626,0.13157894736842105,0.056818181818181816
0.5121951219512195,0.1827956989247312,0.13725490196078433,0.2903225806451613,0.0449438202247191,0.07407407407407407
0.2647058823529412,0.25609756097560976,0.14423076923076922,0.32926829268292684,0.07246376811594203,0.08247422680412371
0.34408602150537637,0.26373626373626374,0.15476190476190477,0.27472527472527475,0.03773584905660377,0.07692307692307693
0.23170731707317074,0.43617021276595747,0.1,0.19148936170212766,0.06818181818181818,0.05102040816326531
0.2967032967032967,0.3140495867768595,0.06349206349206349,0.33884297520661155,0.05952380952380952,0.023529411764705882
0.19148936170212766,0.2616822429906542,0.2222222222222222,0.17757009345794392,0.07526881720430108,0.052083333333333336
0.17355371900826447,0.30434782608695654,0.04938271604938271,0.3225806451612903,0.06818181818181818,0.10810810810810811
0.34579439252336447,0.25806451612903225,0.14084507042253522,0.225,0.05,0.08536585365853659
0.4057971014492754,0.2,0.07894736842105263,0.1797752808988764,0.0392156862745098,0.09195402298850575
0.41935483870967744,0.29213483146067415,0.05952380952380952,0.17857142857142858,0.06593406593406594,0.14285714285714285
0.35,0.30952380952380953,0.10112359550561797,0.13793103448275862,0.07792207792207792,0.0425531914893617
0.2696629213483146,0.29310344827586204,0.12371134020618557,0.2857142857142857,0.0898876404494382,0.041237113402061855
0.36904761904761907,0.22077922077922077,0.07,0.24752475247524752,0.05952380952380952,0.04938271604938271
0.3275862068965517,0.33663366336633666,0.13793103448275862,0.25333333333333335,0.0625,0.06666666666666667
0.4155844155844156,0.4266666666666667,0.1044776119402985,0.3125,0.041666666666666664,0.04819277108433735
0.25742574257425743,0.2625,0.16,0.09876543209876543,0.04081632653061224,0.07042253521126761
0.12,0.2345679012345679,0.11650485436893204,0.11764705882352941,0.037383177570093455,0.09333333333333334
0.2375,0.35294117647058826,0.07058823529411765,0.3157894736842105,0.047058823529411764,0.05405405405405406
0.5061728395061729,0.27631578947368424,0.06493506493506493,0.2621359223300971,0.044444444444444446,0.043478260869565216
0.36470588235294116,0.14563106796116504,0.05555555555555555,0.23943661971830985,0.05825242718446602,0.09411764705882353
0.40789473684210525,0.29577464788732394,0.07692307692307693,0.2641509433962264,0.05263157894736842,0.047058823529411764
0.2912621359223301,0.16981132075471697,0.1134020618556701,0.21782178217821782,0.05434782608695652,0.045454545454545456
0.29577464788732394,0.39603960396039606,0.1134020618556701,0.23809523809523808,0.05747126436781609,0.05309734513274336
0.4339622641509434,0.38095238095238093,0.08333333333333333,0.2708333333333333,0.04938271604938271,0.020202020202020204
0.16831683168316833,0.3125,0.06976744186046512,0.1523809523809524,0.02564102564102564,0.09174311926605505
0.2261904761904762,0.2571428571428571,0.11538461538461539,0.21428571428571427,0.021505376344086023,0.07058823529411765
0.23958333333333334,0.2,0.12121212121212122,0.20224719101123595,0.028985507246376812,0.021505376344086023
0.34285714285714286,0.2696629213483146,0.06593406593406594,0.16216216216216217,0.06493506493506493,0.08536585365853659
0.44285714285714284,0.3090909090909091,0.1375,0.27380952380952384,0.08045977011494253,0.030303030303030304
0.29213483146067415,0.36486486486486486,0.06666666666666667,0.13793103448275862,0.05555555555555555,0.08
0.38181818181818183,0.27380952380952384,0.07894736842105263,0.15384615384615385,0.09411764705882353,0.05747126436781609
0.2702702702702703,0.3218390804597701,0.11392405063291139,0.15714285714285714,0.06944444444444445,0.061855670103092786
0.16666666666666666,0.3076923076923077,0.12195121951219512,0.15730337078651685,0.04201680672268908,0.04878048780487805
0.42528735632183906,0.2714285714285714,0.13333333333333333,0.125,0.024096385542168676,0.16853932584269662
0.4230769230769231,0.38202247191011235,0.09876543209876543,0.27835051546391754,0.03225806451612903,0.11458333333333333
0.3142857142857143,0.32,0.1827956989247312,0.21518987341772153,0.056179775280898875,0.05063291139240506
0.24719101123595505,0.1625,0.13793103448275862,0.32222222222222224,0.05263157894736842,0.08139534883720931
0.4266666666666667,0.27835051546391754,0.13333333333333333,0.18292682926829268,0.043478260869565216,0.046511627906976744
0.45,0.3291139240506329,0.15,0.1565217391304348,0.061224489795918366,0.056818181818181816
0.35051546391752575,0.3,0.0975609756097561,0.1686746987951807,0.035398230088495575,0.046511627906976744
0.35443037974683544,0.3048780487804878,0.14606741573033707,0.25301204819277107,0.06666666666666667,0.10091743119266056
0.2222222222222222,0.23478260869565218,0.23943661971830985,0.23655913978494625,0.10227272727272728,0.02857142857142857
0.43902439024390244,0.4925373134328358,0.13953488372093023,0.18072289156626506,0.07216494845360824,0.05714285714285714
0.2608695652173913,0.1686746987951807,0.06382978723404255,0.18478260869565216,0.04819277108433735,0.019417475728155338
0.47761194029850745,0.3132530120481928,0.08571428571428572,0.11956521739130435,0.10256410256410256,0.05194805194805195
0.40963855421686746,0.25806451612903225,0.11827956989247312,0.11304347826086956,0.07058823529411765,0.07142857142857142
0.3855421686746988,0.10843373493975904,0.05714285714285714,0.23595505617977527,0.041666666666666664,0.0449438202247191
0.34408602150537637,0.391304347826087,0.16071428571428573,0.1643835616438356,0.05405405405405406,0.042105263157894736
0.40963855421686746,0.29347826086956524,0.07352941176470588,0.2753623188405797,0.04597701149425287,0.1111111111111111
0.2391304347826087,0.25217391304347825,0.07865168539325842,0.22388059701492538,0.12195121951219512,0.08433734939759036
0.29347826086956524,0.30337078651685395,0.07368421052631578,0.27710843373493976,0.09195402298850575,0.07446808510638298
0.4260869565217391,0.4383561643835616,0.10810810810810811,0.21839080459770116,0.07692307692307693,0.08695652173913043
0.2696629213483146,0.15942028985507245,0.07692307692307693,0.1981981981981982,0.0425531914893617,0.047619047619047616
0.3013698630136986,0.208955223880597,0.08791208791208792,0.18604651162790697,0.052083333333333336,0.04938271604938271
0.34782608695652173,0.18072289156626506,0.05747126436781609,0.25,0.09090909090909091,0.025
0.2537313432835821,0.25287356321839083,0.09090909090909091,0.1956521739130435,0.05154639175257732,0.05263157894736842
0.3855421686746988,0.3783783783783784,0.13953488372093023,0.25609756097560976,0.024691358024691357,0.02564102564102564
0.3793103448275862,0.26744186046511625,0.06521739130434782,0.18072289156626506,0.0273972602739726,0.09375
0.35135135135135137,0.20535714285714285,0.11764705882352941,0.22772277227722773,0.044444444444444446,0.05063291139240506
0.3023255813953488,0.2608695652173913,0.10869565217391304,0.2111111111111111,0.024096385542168676,0.08974358974358974
0.44642857142857145,0.14634146341463414,0.1038961038961039,0.1794871794871795,0.05333333333333334,0.06896551724137931
0.22826086956521738,0.3132530120481928,0.15294117647058825,0.27906976744186046,0.0898876404494382,0.060240963855421686
0.45121951219512196,0.3564356435643564,0.12658227848101267,0.2391304347826087,0.05405405405405406,0.09090909090909091
0.24096385542168675,0.12222222222222222,0.08602150537634409,0.30097087378640774,0.06521739130434782,0.09090909090909091
0.3069306930693069,0.19230769230769232,0.06,0.1553398058252427,0.047058823529411764,0.02631578947368421
0.35555555555555557,0.32558139534883723,0.12903225806451613,0.15730337078651685,0.125,0.054945054945054944
0.5769230769230769,0.2608695652173913,0.1125,0.33695652173913043,0.0707070707070707,0.023529411764705882
0.18604651162790697,0.30097087378640774,0.058823529411764705,0.3106796116504854,0.03669724770642202,0.0660377358490566
0.391304347826087,0.21359223300970873,0.23529411764705882,0.23711340206185566,0.04395604395604396,0.04081632653061224
0.20388349514563106,0.2696629213483146,0.10588235294117647,0.26436781609195403,0.12941176470588237,0.0784313725490196
0.33980582524271846,0.2391304347826087,0.0891089108910891,0.11764705882352941,0.08163265306122448,0.08
0.39325842696629215,0.2524271844660194,0.10714285714285714,0.3333333333333333,0.06451612903225806,0.07291666666666667
0.2826086956521739,0.41237113402061853,0.06422018348623854,0.14473684210526316,0.030303030303030304,0.0784313725490196
0.2524271844660194,0.3218390804597701,0.125,0.19318181818181818,0.07,0.04819277108433735
0.26804123711340205,0.4117647058823529,0.07777777777777778,0.15294117647058825,0.0851063829787234,0.07526881720430108
0.2413793103448276,0.11904761904761904,0.075,0.2777777777777778,0.04597701149425287,0.04938271604938271
0.3176470588235294,0.42105263157894735,0.11224489795918367,0.15151515151515152,0.058823529411764705,0.06493506493506493
0.38095238095238093,0.375,0.1348314606741573,0.26153846153846155,0.05154639175257732,0.04854368932038835
0.25,0.18823529411764706,0.13978494623655913,0.125,0.027777777777777776,0.056818181818181816
0.3409090909090909,0.34444444444444444,0.09333333333333334,0.13541666666666666,0.041666666666666664,0.043478260869565216
0.4117647058823529,0.2878787878787879,0.08955223880597014,0.23958333333333334,0.06666666666666667,0.057971014492753624
0.28888888888888886,0.3384615384615385,0.10294117647058823,0.22727272727272727,0.023809523809523808,0.11764705882352941
0.3181818181818182,0.36363636363636365,0.14666666666666667,0.2127659574468085,0.09195402298850575,0.020833333333333332
0.27692307692307694,0.3854166666666667,0.14102564102564102,0.11688311688311688,0.08139534883720931,0.05747126436781609
0.2840909090909091,0.17708333333333334,0.07575757575757576,0.16842105263157894,0.0963855421686747,0.046296296296296294
0.3541666666666667,0.29545454545454547,0.1232876712328767,0.19753086419753085,0.05714285714285714,0.0273972602739726
0.4583333333333333,0.43617021276595747,0.0821917808219178,0.3333333333333333,0.11428571428571428,0.10227272727272728
0.36363636363636365,0.23376623376623376,0.08247422680412371,0.1891891891891892,0.08737864077669903,0.02702702702702703
0.20212765957446807,0.2631578947368421,0.09473684210526316,0.2391304347826087,0.02564102564102564,0.07446808510638298
0.3116883116883117,0.43209876543209874,0.13793103448275862,0.19047619047619047,0.0821917808219178,0.06741573033707865
0.18947368421052632,0.42424242424242425,0.06944444444444445,0.24719101123595505,0.05194805194805195,0.047058823529411764
0.37037037037037035,0.22522522522522523,0.12643678160919541,0.14130434782608695,0.1038961038961039,0.024691358024691357
0.24242424242424243,0.21739130434782608,0.08695652173913043,0.1375,0.1111111111111111,
0.3783783783783784,0.23809523809523808,0.09523809523809523,0.16,0.13253012048192772,
0.3695652173913043,0.30337078651685395,0.12162162162162163,0.1348314606741573,0.0425531914893617,
0.39285714285714285,0.2717391304347826,0.14150943396226415,0.24175824175824176,0.043478260869565216,
0.29213483146067415,0.2375,0.1518987341772152,0.1568627450980392,0.0761904761904762,
0.22826086956521738,0.3333333333333333,0.08602150537634409,0.24675324675324675,0.06172839506172839,
0.425,0.23595505617977527,0.07692307692307693,0.2692307692307692,0.075,
0.3466666666666667,0.2967032967032967,0.10638297872340426,0.23809523809523808,0.05263157894736842,
0.33707865168539325,0.3333333333333333,0.1111111111111111,0.22093023255813954,0.08450704225352113,
0.31868131868131866,0.2597402597402597,0.12371134020618557,0.17777777777777778,0.04,
0.3137254901960784,0.20192307692307693,0.10465116279069768,0.20634920634920634,0.08974358974358974,
0.44155844155844154,0.34523809523809523,0.125,0.29347826086956524,0.041666666666666664,
0.2980769230769231,0.3023255813953488,0.07462686567164178,0.2191780821917808,0.07692307692307693,
0.19047619047619047,0.24444444444444444,0.09259259259259259,0.25925925925925924,0.09375,
0.47674418604651164,0.15873015873015872,0.022222222222222223,0.24691358024691357,0.08433734939759036,
0.4777777777777778,0.42391304347826086,0.02531645569620253,0.1125,0.1038961038961039,
0.47619047619047616,0.3424657534246575,0.08333333333333333,0.2535211267605634,0.10227272727272728,
0.20652173913043478,0.1728395061728395,0.05263157894736842,0.23684210526315788,0.05263157894736842,
0.3835616438356164,0.32098765432098764,0.12658227848101267,0.30952380952380953,0.07692307692307693,
0.32098765432098764,0.4125,0.06930693069306931,0.3258426966292135,0.047058823529411764,
0.3333333333333333,0.2676056338028169,0.20512820512820512,0.21649484536082475,0.04716981132075472,
0.3,0.21052631578947367,0.08641975308641975,0.2727272727272727,0.07142857142857142,
0.30985915492957744,0.2976190476190476,0.16883116883116883,0.29,0.07865168539325842,
0.47368421052631576,0.33707865168539325,0.12037037037037036,0.1839080459770115,0.05333333333333334,
0.25,0.28865979381443296,0.07608695652173914,0.19402985074626866,0.09859154929577464,
0.23595505617977527,0.25757575757575757,0.07777777777777778,0.12,0.052083333333333336,
0.31958762886597936,0.28,0.08045977011494253,0.20430107526881722,0.06862745098039216,
0.4696969696969697,0.20689655172413793,0.13924050632911392,0.23300970873786409,0.04819277108433735,
0.34,0.31343283582089554,0.08490566037735849,0.1791044776119403,0.07777777777777778,
0.3218390804597701,0.36,0.12359550561797752,0.25925925925925924,0.043010752688172046,
0.208955223880597,0.23655913978494625,0.13636363636363635,0.1511627906976744,0.11688311688311688,
0.2,0.24271844660194175,0.13095238095238096,0.3764705882352941,0.04819277108433735,
0.3870967741935484,0.373134328358209,0.06,0.3246753246753247,0.07792207792207792,
0.2524271844660194,0.3333333333333333,0.2073170731707317,0.24444444444444444,0.07692307692307693,
0.34328358208955223,0.36046511627906974,0.11224489795918367,0.25773195876288657,0.022727272727272728,
0.25925925925925924,0.18823529411764706,0.03508771929824561,0.21794871794871795,0.05434782608695652,
0.32558139534883723,0.2597402597402597,0.07228915662650602,0.18556701030927836,0.0625,
0.36470588235294116,0.24444444444444444,0.21686746987951808,0.1917808219178082,0.12037037037037036,
0.3246753246753247,0.31958762886597936,0.07291666666666667,0.2268041237113402,0.022727272727272728,
0.34444444444444444,0.2564102564102564,0.10843373493975904,0.15,0.06756756756756757,
0.35051546391752575,0.29896907216494845,0.12149532710280374,0.22093023255813954,0.05319148936170213,
0.358974358974359,0.3424657534246575,0.1,0.20512820512820512,0.05263157894736842,
0.32989690721649484,0.30927835051546393,0.0641025641025641,0.16161616161616163,0.0449438202247191,
0.3835616438356164,0.3,0.05825242718446602,0.12087912087912088,0.024691358024691357,
0.29896907216494845,0.3488372093023256,0.10465116279069768,0.3,0.0625,
0.43333333333333335,0.21794871794871795,0.13592233009708737,0.18888888888888888,,
0.23255813953488372,0.15151515151515152,0.14,0.2894736842105263,,
0.32051282051282054,0.26373626373626374,0.13186813186813187,0.1518987341772152,,
0.3838383838383838,0.2875,0.12658227848101267,0.15853658536585366,,
0.42857142857142855,0.4,0.09411764705882353,0.17777777777777778,,
0.225,0.19736842105263158,0.13157894736842105,0.32098765432098764,,
0.34444444444444444,0.24050632911392406,0.13924050632911392,0.1232876712328767,,
0.3815789473684211,0.1951219512195122,0.0898876404494382,0.17204301075268819,,
0.3924050632911392,0.2222222222222222,0.2318840579710145,0.25806451612903225,,
0.4024390243902439,0.2839506172839506,0.09433962264150944,0.13793103448275862,,
0.36666666666666664,0.2876712328767123,0.10227272727272728,0.26666666666666666,,
0.2962962962962963,0.1827956989247312,0.08602150537634409,0.21,,
0.5342465753424658,0.3548387096774194,0.060240963855421686,0.24390243902439024,,
0.3763440860215054,0.3448275862068966,0.08450704225352113,0.29213483146067415,,
0.3870967741935484,0.36,0.11392405063291139,0.14084507042253522,,
0.25287356321839083,0.21,0.13636363636363635,0.18604651162790697,,
0.14666666666666667,0.21951219512195122,0.1625,0.1702127659574468,,
0.38,0.20224719101123595,0.09803921568627451,0.32857142857142857,,
0.4146341463414634,0.19718309859154928,0.07692307692307693,0.13978494623655913,,
0.3595505617977528,0.27906976744186046,0.09090909090909091,0.11428571428571428,,
0.3380281690140845,0.3191489361702128,0.10112359550561797,0.24107142857142858,,
0.3372093023255814,0.32857142857142857,0.09523809523809523,0.23529411764705882,,
0.40425531914893614,0.3225806451612903,0.13392857142857142,0.18181818181818182,,
0.2571428571428571,0.4,0.11538461538461539,0.25842696629213485,,
0.22580645161290322,0.14285714285714285,0.0641025641025641,0.30526315789473685,,
0.4,0.25,0.07291666666666667,0.14864864864864866,,
0.2857142857142857,0.2727272727272727,0.029411764705882353,0.23076923076923078,,
0.38235294117647056,0.34831460674157305,0.04819277108433735,0.18681318681318682,,
0.4155844155844156,0.24210526315789474,0.09183673469387756,0.12643678160919541,,
0.2696629213483146,0.20270270270270271,0.08411214953271028,0.15151515151515152,,
0.2631578947368421,0.38461538461538464,0.023529411764705882,0.2839506172839506,,
0.47297297297297297,0.2967032967032967,0.13,0.12790697674418605,,
0.3076923076923077,0.36065573770491804,0.05555555555555555,0.18478260869565216,,
0.38461538461538464,0.25287356321839083,0.05825242718446602,0.27472527472527475,,
0.39344262295081966,0.23232323232323232,0.09473684210526316,0.35294117647058826,,
0.47126436781609193,0.2962962962962963,0.10869565217391304,0.10869565217391304,,
0.3434343434343434,0.32558139534883723,0.14285714285714285,0.2857142857142857,,
0.345679012345679,0.22826086956521738,0.13793103448275862,0.1411764705882353,,
0.313953488372093,0.3076923076923077,0.20652173913043478,0.17721518987341772,,
0.44565217391304346,0.2823529411764706,0.13978494623655913,0.34444444444444444,,
0.2967032967032967,0.2391304347826087,0.05194805194805195,0.18461538461538463,,
0.24705882352941178,0.2857142857142857,0.13793103448275862,0.20430107526881722,,
0.4891304347826087,0.2823529411764706,0.14432989690721648,0.25510204081632654,,
0.2727272727272727,0.2911392405063291,0.1111111111111111,0.17,,
0.3058823529411765,0.32222222222222224,0.16494845360824742,0.23655913978494625,,
0.27848101265822783,0.3076923076923077,0.16470588235294117,0.3125,,
0.25555555555555554,0.3225806451612903,0.0759493670886076,0.17346938775510204,,
0.35384615384615387,0.23469387755102042,0.125,0.25882352941176473,,
0.3655913978494624,0.4,0.06976744186046512,0.2328767123287671,,
0.3877551020408163,0.26881720430107525,0.13445378151260504,0.24705882352941178,,
0.21,0.2375,0.08433734939759036,0.21782178217821782,,
0.3225806451612903,0.4489795918367347,0.07865168539325842,0.11392405063291139,,
0.275,0.2823529411764706,0.09195402298850575,0.12,,
0.32653061224489793,0.27450980392156865,0.20967741935483872,0.20754716981132076,,
0.4,0.3561643835616438,0.11235955056179775,0.20238095238095238,,
0.49019607843137253,0.24705882352941178,0.0967741935483871,0.2345679012345679,,
0.410958904109589,0.26732673267326734,0.18888888888888888,0.24770642201834864,,
0.35294117647058826,0.21518987341772153,0.12048192771084337,0.3333333333333333,,
0.32673267326732675,0.36,0.07894736842105263,0.11764705882352941,,
0.620253164556962,0.29245283018867924,0.05434782608695652,0.1388888888888889,,
0.37333333333333335,0.38095238095238093,0.0761904761904762,0.3,,
0.44339622641509435,0.2222222222222222,0.09183673469387756,0.24285714285714285,,
0.30952380952380953,0.27522935779816515,0.1592920353982301,0.1625,,
0.38271604938271603,0.3157894736842105,0.16,0.21428571428571427,,
0.28440366972477066,0.39705882352941174,0.11363636363636363,0.15730337078651685,,
0.24561403508771928,0.19444444444444445,0.07216494845360824,0.25806451612903225,,
0.4264705882352941,0.2222222222222222,0.1111111111111111,0.14666666666666667,,
0.4444444444444444,0.4142857142857143,0.2,0.08955223880597014,,
0.4,0.45,0.12307692307692308,0.2604166666666667,,
0.2857142857142857,0.3469387755102041,0.18556701030927836,0.10294117647058823,,
0.2875,0.42696629213483145,0.21686746987951808,0.10666666666666667,,
0.2857142857142857,0.20430107526881722,0.10256410256410256,0.1282051282051282,,
0.23595505617977527,0.32,0.09183673469387756,0.15151515151515152,,
0.3010752688172043,0.43283582089552236,0.08235294117647059,0.2191780821917808,,
0.36,0.2604166666666667,0.13513513513513514,0.3150684931506849,,
0.2835820895522388,0.38235294117647056,0.09722222222222222,0.23711340206185566,,
0.3333333333333333,0.18666666666666668,0.20689655172413793,0.2631578947368421,,
0.27941176470588236,0.20512820512820512,0.11428571428571428,0.1896551724137931,,
0.4266666666666667,0.3181818181818182,0.09876543209876543,0.20833333333333334,,
0.41025641025641024,0.3150684931506849,0.07317073170731707,0.1724137931034483,,
0.3939393939393939,0.1506849315068493,0.07058823529411765,0.11842105263157894,,
0.3150684931506849,0.26804123711340205,0.07407407407407407,0.16304347826086957,,
0.3835616438356164,0.35789473684210527,0.05747126436781609,0.19230769230769232,,
0.3711340206185567,0.29310344827586204,0.12087912087912088,0.27380952380952384,,
0.22105263157894736,0.25,0.0851063829787234,0.17567567567567569,,
0.22413793103448276,0.2988505747126437,0.0625,0.1792452830188679,,
0.3472222222222222,0.4342105263157895,0.12987012987012986,0.13924050632911392,,
0.3563218390804598,0.2826086956521739,0.21649484536082475,0.27956989247311825,,
0.39473684210526316,0.2564102564102564,0.1111111111111111,0.23076923076923078,,
0.34782608695652173,0.25,0.0821917808219178,0.18085106382978725,,
0.5512820512820513,0.4189189189189189,0.13253012048192772,0.13333333333333333,,
0.3333333333333333,0.19811320754716982,0.16901408450704225,0.24358974358974358,,
0.20270270270270271,0.24050632911392406,0.09782608695652174,0.16494845360824742,,
0.4339622641509434,0.3870967741935484,0.09411764705882353,0.27906976744186046,,
0.4177215189873418,0.26373626373626374,0.10588235294117647,0.1388888888888889,,
0.24731182795698925,0.26595744680851063,0.125,0.26865671641791045,,
0.3516483516483517,0.23333333333333334,0.058823529411764705,0.25,,
0.26595744680851063,0.46153846153846156,0.1592920353982301,0.16666666666666666,,
0.4666666666666667,0.25773195876288657,0.1095890410958904,0.12658227848101267,,
0.20512820512820512,0.1511627906976744,0.08080808080808081,0.20238095238095238,,
0.3711340206185567,0.25,0.1038961038961039,0.28421052631578947,,
0.46511627906976744,0.23880597014925373,0.05504587155963303,0.22784810126582278,,
0.4583333333333333,0.3425925925925926,0.07017543859649122,0.25742574257425743,,
0.417910447761194,0.3111111111111111,0.07692307692307693,0.2948717948717949,,
0.2777777777777778,0.26582278481012656,0.09411764705882353,0.2222222222222222,,
0.36666666666666664,0.2261904761904762,0.12244897959183673,0.25,,
0.5569620253164557,0.35789473684210527,0.021505376344086023,0.19480519480519481,,
0.4642857142857143,0.26582278481012656,0.08536585365853659,0.2289156626506024,,
0.30526315789473685,0.32673267326732675,0.06060606060606061,0.1111111111111111,,
0.3037974683544304,0.2948717948717949,0.09,0.18478260869565216,,
0.24752475247524752,0.2222222222222222,0.0425531914893617,0.14444444444444443,,
0.20512820512820512,0.39473684210526316,0.14942528735632185,0.1724137931034483,,
0.32098765432098764,0.3116883116883117,0.19540229885057472,0.2911392405063291,,
0.3026315789473684,0.3855421686746988,0.06862745098039216,0.25471698113207547,,
0.24675324675324675,0.24074074074074073,0.05154639175257732,0.21348314606741572,,
0.27710843373493976,0.31521739130434784,0.06097560975609756,0.09090909090909091,,
0.2962962962962963,0.2111111111111111,0.09210526315789473,0.23809523809523808,,
0.29347826086956524,0.3103448275862069,0.0898876404494382,0.18,,
0.45555555555555555,0.22784810126582278,0.052083333333333336,0.17073170731707318,,
0.3563218390804598,0.25471698113207547,0.16,0.23469387755102042,,
0.22784810126582278,0.30337078651685395,0.11904761904761904,0.14035087719298245,,
0.3018867924528302,0.22727272727272727,0.05747126436781609,0.26506024096385544,,
0.3146067415730337,0.23809523809523808,0.08860759493670886,0.21875,,
0.5,0.37,0.09523809523809523,0.21686746987951808,,
0.36904761904761907,0.36585365853658536,0.09302325581395349,0.375,,
0.26,0.25510204081632654,0.06976744186046512,0.27710843373493976,,
0.25609756097560976,0.2807017543859649,0.11363636363636363,0.21621621621621623,,
0.35714285714285715,0.1686746987951807,0.08139534883720931,0.19626168224299065,,
0.3508771929824561,0.3229166666666667,0.11926605504587157,0.275,,
0.3855421686746988,0.2891566265060241,0.12048192771084337,0.16666666666666666,,
0.3854166666666667,0.25,0.1,0.1941747572815534,,
0.1686746987951807,0.13253012048192772,0.11650485436893204,0.13953488372093023,,
0.25,0.28378378378378377,0.16666666666666666,0.1553398058252427,,
0.4819277108433735,0.205607476635514,0.0684931506849315,0.19,,
0.43243243243243246,0.25,0.12244897959183673,0.15384615384615385,,
0.32710280373831774,0.19230769230769232,0.05660377358490566,0.16455696202531644,,
0.325,0.32038834951456313,0.10112359550561797,0.2235294117647059,,
0.47435897435897434,0.27906976744186046,0.0963855421686747,0.14473684210526316,,
0.36893203883495146,0.24271844660194175,0.09473684210526316,0.13157894736842105,,
0.47674418604651164,0.23,0.10227272727272728,0.24096385542168675,,
0.34951456310679613,0.3516483516483517,0.08080808080808081,0.189873417721519,,
0.29,0.27848101265822783,0.09859154929577464,0.25842696629213485,,
0.2857142857142857,0.27058823529411763,0.04819277108433735,0.2028985507246377,,
0.31645569620253167,0.35526315789473684,0.11702127659574468,0.2169811320754717,,
0.27058823529411763,0.15789473684210525,0.10476190476190476,0.2159090909090909,,
0.3684210526315789,0.2289156626506024,0.1111111111111111,0.30952380952380953,,
0.5263157894736842,0.3670886075949367,0.1125,0.21505376344086022,,
0.5301204819277109,0.3258426966292135,0.06493506493506493,0.30120481927710846,,
0.25316455696202533,0.2753623188405797,0.16,0.23076923076923078,,
0.2808988764044944,0.4528301886792453,0.1282051282051282,0.22535211267605634,,
0.21739130434782608,0.3181818181818182,0.09090909090909091,0.16455696202531644,,
0.16037735849056603,0.2619047619047619,0.09375,0.20454545454545456,,
0.25,0.3225806451612903,0.08974358974358974,0.2125,,
0.36904761904761907,0.3373493975903614,0.171875,0.2549019607843137,,
0.3010752688172043,0.24615384615384617,0.06896551724137931,0.1978021978021978,,
0.30120481927710846,0.28169014084507044,0.08433734939759036,0.18181818181818182,,
0.46153846153846156,0.31645569620253167,0.14285714285714285,0.1797752808988764,,
0.352112676056338,0.17045454545454544,0.06818181818181818,0.17857142857142858,,
0.4050632911392405,0.225,0.10526315789473684,0.24107142857142858,,
0.375,0.19607843137254902,0.13186813186813187,0.2692307692307692,,
0.35,0.16483516483516483,0.08235294117647059,0.2948717948717949,,
0.3431372549019608,0.2727272727272727,0.14150943396226415,0.07291666666666667,,
0.4065934065934066,0.24719101123595505,0.07142857142857142,0.14705882352941177,,
0.37662337662337664,0.19047619047619047,0.06862745098039216,0.25301204819277107,,
0.2808988764044944,0.20535714285714285,0.0898876404494382,0.24489795918367346,,
0.39285714285714285,0.21153846153846154,0.13333333333333333,0.2616822429906542,,
0.3125,0.3974358974358974,0.07042253521126761,0.18823529411764706,,
0.40384615384615385,0.3958333333333333,0.0784313725490196,0.19,,
0.24358974358974358,0.45588235294117646,0.08433734939759036,0.2111111111111111,,
0.34375,0.39759036144578314,0.08108108108108109,0.1650485436893204,,
0.36764705882352944,0.30612244897959184,0.14444444444444443,0.2,,
0.30120481927710846,0.14018691588785046,0.11827956989247312,0.25,,
0.2755102040816326,0.4588235294117647,0.08433734939759036,0.20238095238095238,,
0.411214953271028,0.2,0.14814814814814814,0.1839080459770115,,
0.2823529411764706,0.26666666666666666,0.08737864077669903,0.2717391304347826,,
0.44,0.33980582524271846,0.12087912087912088,0.25925925925925924,,
0.3333333333333333,0.37894736842105264,0.09090909090909091,0.21794871794871795,,
0.33980582524271846,0.2717391304347826,0.11956521739130435,0.21505376344086022,,
0.2736842105263158,0.36904761904761907,0.06666666666666667,0.2753623188405797,,
0.31521739130434784,0.2988505747126437,0.047058823529411764,0.19480519480519481,,
0.2857142857142857,0.30434782608695654,0.11458333333333333,0.25287356321839083,,
0.3218390804597701,0.24691358024691357,0.14942528735632185,0.29896907216494845,,
0.21739130434782608,0.5128205128205128,0.08333333333333333,0.07777777777777778,,
0.35802469135802467,0.3010752688172043,0.0821917808219178,0.28865979381443296,,
0.24358974358974358,0.30434782608695654,0.22727272727272727,0.10588235294117647,,
0.3225806451612903,0.38961038961038963,0.075,0.20253164556962025,,
0.391304347826087,0.22988505747126436,0.10810810810810811,0.22727272727272727,,
0.24675324675324675,0.18556701030927836,0.0851063829787234,0.2222222222222222,,
0.27586206896551724,0.3111111111111111,0.11842105263157894,0.13953488372093023,,
0.3711340206185567,0.3402061855670103,0.11235955056179775,0.2184873949579832,,
0.37777777777777777,0.21176470588235294,0.12941176470588237,0.14457831325301204,,
0.20618556701030927,0.20253164556962025,0.08139534883720931,0.25842696629213485,,
0.4235294117647059,0.29545454545454547,0.07291666666666667,0.1839080459770115,,
0.4177215189873418,0.3055555555555556,,0.25806451612903225,,
0.3522727272727273,0.32558139534883723,,0.25842696629213485,,
0.4027777777777778,0.25210084033613445,,0.21505376344086022,,
0.4186046511627907,0.3493975903614458,,0.26666666666666666,,
0.31932773109243695,0.21348314606741572,,0.18072289156626506,,
0.3132530120481928,0.40229885057471265,,0.14473684210526316,,
0.39325842696629215,0.24193548387096775,,0.2826086956521739,,
0.25287356321839083,0.16853932584269662,,0.2571428571428571,,
0.22580645161290322,0.3870967741935484,,0.12244897959183673,,
0.4044943820224719,0.28888888888888886,,0.20353982300884957,,
0.21505376344086022,0.30120481927710846,,0.22666666666666666,,
0.23333333333333334,0.25,,0.17045454545454544,,
0.30120481927710846,0.2391304347826087,,0.16494845360824742,,
0.42105263157894735,0.2761904761904762,,0.2222222222222222,,
0.31521739130434784,0.4897959183673469,,0.33,,
0.3142857142857143,0.2831858407079646,,0.18461538461538463,,
0.19387755102040816,0.24,,0.29896907216494845,,
0.3185840707964602,0.18181818181818182,,0.25301204819277107,,
0.30666666666666664,0.38144329896907214,,0.21794871794871795,,
0.375,0.28703703703703703,,0.23469387755102042,,
0.30927835051546393,0.28,,0.16470588235294117,,
0.3055555555555556,0.3384615384615385,,0.17708333333333334,,
0.19,0.21649484536082475,,0.10810810810810811,,
0.35384615384615387,0.24096385542168675,,0.25,,
0.21649484536082475,0.3333333333333333,,0.2413793103448276,,
0.24096385542168675,0.30612244897959184,,0.14285714285714285,,
0.16666666666666666,0.4117647058823529,,0.2962962962962963,,
0.3163265306122449,0.46875,,0.1951219512195122,,
0.24705882352941178,0.22972972972972974,,0.21176470588235294,,
0.2604166666666667,0.3055555555555556,,0.25925925925925924,,
0.36486486486486486,0.2413793103448276,,0.11494252873563218,,
0.3472222222222222,0.38571428571428573,,0.27472527472527475,,
0.26436781609195403,0.32098765432098764,,0.1702127659574468,,
0.35714285714285715,0.25609756097560976,,0.3125,,
0.2839506172839506,0.36470588235294116,,0.15584415584415584,,
0.2682926829268293,0.2962962962962963,,0.13402061855670103,,
0.35294117647058826,0.26436781609195403,,0.09876543209876543,,
0.37037037037037035,0.08791208791208792,,0.3013698630136986,,
0.3793103448275862,0.26595744680851063,,0.24444444444444444,,
0.2967032967032967,0.3125,,0.1566265060240964,,
0.39361702127659576,0.42857142857142855,,0.14084507042253522,,
0.2604166666666667,0.24742268041237114,,0.3466666666666667,,
0.19480519480519481,0.25925925925925924,,0.14606741573033707,,
0.30927835051546393,0.3287671232876712,,0.21621621621621623,,
0.4567901234567901,0.37777777777777777,,0.14130434782608695,,
0.2602739726027397,0.26506024096385544,,0.11764705882352941,,
0.26666666666666666,0.28169014084507044,,0.25882352941176473,,
0.37349397590361444,0.14666666666666667,,0.2159090909090909,,
0.3380281690140845,0.20224719101123595,,0.3411764705882353,,
0.36,0.28378378378378377,,0.18584070796460178,,
0.5617977528089888,0.22826086956521738,,0.273972602739726,,
0.3918918918918919,0.4235294117647059,,0.16161616161616163,,
0.42391304347826086,0.21176470588235294,,0.2077922077922078,,
0.27058823529411763,0.2727272727272727,,0.2018348623853211,,
0.32941176470588235,0.2,,0.17543859649122806,,
0.2159090909090909,0.2743362831858407,,0.1978021978021978,,
0.4,0.3287671232876712,,0.2236842105263158,,
0.3274336283185841,0.26262626262626265,,0.2,,
0.2876712328767123,0.4025974025974026,,0.1935483870967742,,
0.40404040404040403,0.3577981651376147,,0.13414634146341464,,
0.2857142857142857,0.24561403508771928,,0.2878787878787879,,
0.25688073394495414,0.34065934065934067,,0.14,,
0.5087719298245614,0.3157894736842105,,0.2553191489361702,,
0.34065934065934067,0.23529411764705882,,0.20689655172413793,,
0.4605263157894737,0.24489795918367346,,0.2413793103448276,,
0.27058823529411763,0.27956989247311825,,0.21568627450980393,,
0.5510204081632653,0.4024390243902439,,0.21649484536082475,,
0.41935483870967744,0.2727272727272727,,0.3170731707317073,,
0.2926829268292683,0.34,,0.25,,
0.3181818181818182,0.3404255319148936,,0.25,,
0.28,0.26436781609195403,,0.15730337078651685,,
0.2765957446808511,0.3218390804597701,,0.22916666666666666,,
0.27586206896551724,0.35294117647058826,,0.06666666666666667,,
0.2413793103448276,0.28865979381443296,,0.17857142857142858,,
0.30392156862745096,0.24390243902439024,,0.14942528735632185,,
0.32989690721649484,0.2894736842105263,,0.3037974683544304,,
0.32926829268292684,0.5,,0.34523809523809523,,
0.3684210526315789,0.25842696629213485,,0.19767441860465115,,
0.2222222222222222,0.2604166666666667,,0.16279069767441862,,
0.3258426966292135,0.30666666666666664,,0.3409090909090909,,
0.3020833333333333,0.2857142857142857,,0.1744186046511628,,
0.4,0.3103448275862069,,0.1926605504587156,,
0.39285714285714285,0.26582278481012656,,0.3880597014925373,,
0.39080459770114945,0.2261904761904762,,0.2289156626506024,,
0.2911392405063291,0.32558139534883723,,0.18571428571428572,,
0.3333333333333333,0.4069767441860465,,0.12857142857142856,,
0.3023255813953488,0.2159090909090909,,0.22330097087378642,,
0.313953488372093,0.1511627906976744,,0.20512820512820512,,
0.2727272727272727,0.21100917431192662,,0.3287671232876712,,
0.46511627906976744,0.29850746268656714,,0.22077922077922077,,
0.3761467889908257,0.3253012048192771,,0.24675324675324675,,
0.31343283582089554,0.3142857142857143,,0.19387755102040816,,
0.2289156626506024,0.37142857142857144,,0.2641509433962264,,
0.3142857142857143,0.1941747572815534,,0.2247191011235955,,
0.32857142857142857,0.38461538461538464,,0.2289156626506024,,
0.3592233009708738,0.2465753424657534,,0.22105263157894736,,
0.21794871794871795,0.2857142857142857,,0.25,,
0.273972602739726,0.2727272727272727,,0.18181818181818182,,
0.44155844155844154,0.2857142857142857,,0.30985915492957744,,
0.3246753246753247,0.36792452830188677,,0.13253012048192772,,
0.32653061224489793,0.2247191011235955,,0.23404255319148937,,
0.3113207547169811,0.42168674698795183,,0.21739130434782608,,
0.4044943820224719,0.29473684210526313,,0.21904761904761905,,
0.25301204819277107,0.3068181818181818,,0.1111111111111111,,
0.3473684210526316,0.2727272727272727,,0.2125,,
0.3409090909090909,0.22535211267605634,,0.19736842105263158,,
0.24242424242424243,0.37349397590361444,,0.2676056338028169,,
0.36619718309859156,0.09574468085106383,,0.3246753246753247,,
0.2289156626506024,0.18478260869565216,,0.23,,
0.43617021276595747,0.29523809523809524,,0.16666666666666666,,
0.4673913043478261,0.2345679012345679,,0.2727272727272727,,
0.2571428571428571,0.275,,0.25,,
0.43209876543209874,0.3684210526315789,,0.24050632911392406,,
0.3,0.38028169014084506,,0.15384615384615385,,
0.32894736842105265,0.36363636363636365,,0.3780487804878049,,
0.2676056338028169,0.18,,0.1724137931034483,,
0.24675324675324675,0.2692307692307692,,0.13253012048192772,,
0.39,0.21212121212121213,,0.09090909090909091,,
0.32051282051282054,0.23958333333333334,,0.23863636363636365,,
0.42424242424242425,0.43037974683544306,,0.14473684210526316,,
0.28125,0.21794871794871795,,0.2857142857142857,,
0.27848101265822783,0.296875,,0.23529411764705882,,
0.3717948717948718,0.4024390243902439,,0.16037735849056603,,
0.4375,0.26436781609195403,,0.23469387755102042,,
0.21951219512195122,0.21686746987951808,,0.17647058823529413,,
0.42528735632183906,0.24675324675324675,,0.1797752808988764,,
0.42168674698795183,0.32954545454545453,,0.21333333333333335,,
0.3246753246753247,0.27631578947368424,,0.28169014084507044,,
0.17045454545454544,0.18681318681318682,,0.20833333333333334,,
0.39473684210526316,0.2823529411764706,,0.2549019607843137,,
0.26373626373626374,0.2358490566037736,,0.21686746987951808,,
0.32941176470588235,0.1836734693877551,,0.21621621621621623,,
0.3490566037735849,0.2647058823529412,,0.2857142857142857,,
0.3979591836734694,0.23595505617977527,,0.18888888888888888,,
0.4117647058823529,0.21333333333333335,,0.25806451612903225,,
0.4157303370786517,0.29577464788732394,,0.16883116883116883,,
0.30666666666666664,0.3020833333333333,,0.25301204819277107,,
0.2535211267605634,0.30392156862745096,,0.17142857142857143,,
0.3645833333333333,0.2289156626506024,,0.24691358024691357,,
0.21568627450980393,0.24324324324324326,,0.19480519480519481,,
0.37349397590361444,0.33766233766233766,,0.22330097087378642,,
0.4594594594594595,0.18888888888888888,,0.15384615384615385,,
0.37662337662337664,0.26881720430107525,,0.19318181818181818,,
0.4,0.2857142857142857,,0.22826086956521738,,
0.23655913978494625,0.27710843373493976,,0.08695652173913043,,
0.42857142857142855,0.42857142857142855,,0.31666666666666665,,
0.3373493975903614,0.32098765432098764,,0.25882352941176473,,
0.4,0.35064935064935066,,0.25,,
0.2345679012345679,0.3592233009708738,,0.21839080459770116,,
0.3116883116883117,0.12087912087912088,,0.12037037037037036,,
0.2815533980582524,0.3181818181818182,,0.273972602739726,,
0.5274725274725275,0.21739130434782608,,0.11363636363636363,,
0.3181818181818182,0.30434782608695654,,0.2625,,
0.33695652173913043,0.36666666666666664,,0.17567567567567569,,
0.5507246376811594,0.3176470588235294,,0.1595744680851064,,
0.25,0.2708333333333333,,0.27631578947368424,,
0.25882352941176473,0.27586206896551724,,0.19101123595505617,,
0.28125,0.25,,0.17647058823529413,,
0.2988505747126437,0.273972602739726,,0.18518518518518517,,
0.37962962962962965,0.2727272727272727,,0.32558139534883723,,
0.3424657534246575,0.2875,,0.23958333333333334,,
0.26136363636363635,0.0945945945945946,,,,
0.375,0.22340425531914893,,,,
0.527027027027027,0.32894736842105265,,,,
0.40425531914893614,0.25842696629213485,,,,
0.2236842105263158,0.2235294117647059,,,,
0.3258426966292135,0.30864197530864196,,,,
0.4235294117647059,0.3023255813953488,,,,
0.4567901234567901,0.3541666666666667,,,,
0.29069767441860467,,,,,
0.2708333333333333,,,,,
